wafer,surface_gain,seed,temperature_c,pressure_torr,flow_sccm,deposition_s,state,fault,cycle_s,truth_thickness_nm,measured_thickness_nm,temperature_mean,temperature_std,pressure_mean,pressure_std,flow_mean,flow_std,heater_mean,deposition_time,thermal_dose,flow_dose
1,1.0,51000,448.5,2.92,107.5,120.0,COMPLETE,NONE,424.0,100.6311013113713,100.63162069577507,448.63317254374476,0.2580925800571675,2.920022334928559,0.0030313986574067807,107.4912564470534,0.14717753523644292,0.4452736131875,120.0,119.31068657223511,12898.950773646407
2,1.0,51001,448.5,2.92,107.5,120.0,COMPLETE,NONE,421.25,97.71935743178196,97.55074415992061,448.6518768202762,0.2879870757122122,2.919992802197228,0.003139149549925916,107.50006021105342,0.1460990595561878,0.4452076326041667,120.0,119.3201165364855,12900.007225326412
3,1.0,51002,448.5,2.92,107.5,120.0,COMPLETE,NONE,422.5,101.68765118029535,101.45380711959281,448.6440778398395,0.27730091143583124,2.9200306660488278,0.003138961342401117,107.50021704788222,0.15249110022560564,0.44526168654166665,120.0,119.31618484678964,12900.026045745866
4,1.0,51003,448.5,2.92,107.5,120.0,COMPLETE,NONE,420.5,100.95624965433281,100.92823230425843,448.6647410080734,0.2997938906881177,2.920005116674313,0.003249370479129599,107.5064297671657,0.14387799089379605,0.44516237127083336,120.0,119.32660073609159,12900.771572059884
5,1.0,51004,448.5,2.92,107.5,120.0,COMPLETE,NONE,422.0,100.9727240320498,100.90147774243165,448.650213017364,0.2810515066147022,2.919986686702285,0.0030871296634321934,107.50531703054017,0.14436626304410594,0.4452120460625,120.0,119.3192767896046,12900.63804366482
6,1.0,51005,448.5,2.92,107.5,120.0,COMPLETE,NONE,422.25,99.8570921584966,99.9619101606706,448.65296413295346,0.28568296886289324,2.9199962295980173,0.002944235533491031,107.49730631547594,0.15443736965137203,0.4451829283541667,120.0,119.32066389594448,12899.676757857113
7,1.0,51006,448.5,2.92,107.5,120.0,COMPLETE,NONE,423.25,100.16366391186806,100.09525424258577,448.6366085095921,0.266146896530188,2.9200195988615985,0.0032283948387062354,107.49371471178384,0.1528141987031034,0.44532241139583334,120.0,119.3124192789645,12899.24576541406
8,1.0,51007,448.5,2.92,107.5,120.0,COMPLETE,NONE,419.5,100.85254241126391,100.69745714644223,448.6724280247872,0.3105713757319468,2.9200066224183363,0.0029985012928624177,107.49664601172618,0.14887605102376564,0.44513636375,120.0,119.33047632567403,12899.597521407142
9,1.0,51008,448.5,2.92,107.5,120.0,COMPLETE,NONE,420.5,98.13246608333282,98.13138063365915,448.66721797747437,0.30029338907048364,2.91996835843036,0.0029220458233345263,107.49829309557381,0.14861139407039192,0.44511560447916665,120.0,119.32784888833642,12899.795171468857
10,1.0,51009,448.5,2.92,107.5,120.0,COMPLETE,NONE,421.5,101.3356942372883,101.03786943395671,448.6542994719364,0.2921394372681043,2.919966341892832,0.002997989544764528,107.49658814863673,0.14510201883161747,0.44522024531250004,120.0,119.32133806871121,12899.590577836409
11,1.0,51010,448.5,2.92,107.5,120.0,COMPLETE,NONE,421.5,100.57252718107893,100.99791436197326,448.65798667356034,0.29357844179036285,2.920004616825301,0.002954044253383433,107.49382862028506,0.15042437632217825,0.44515059268749996,120.0,119.32319617967883,12899.259434434207
12,1.0,51011,448.5,2.92,107.5,120.0,COMPLETE,NONE,422.75,98.81677509328442,98.73614811711427,448.6401264902525,0.268031883214697,2.919997044692181,0.0029489043147291854,107.50431038889013,0.154991525847214,0.4452926963333333,120.0,119.31419214319237,12900.517246666815
13,1.0,51012,448.5,2.92,107.5,120.0,COMPLETE,NONE,421.75,99.81227091488967,99.68696941447482,448.65021015601025,0.28339787717650516,2.9199502128785397,0.0030289963101787715,107.49361354933302,0.14438980280552413,0.4451992981875,120.0,119.3192758335975,12899.233625919962
14,1.0,51013,448.5,2.92,107.5,120.0,COMPLETE,NONE,421.0,101.16094177084483,100.96848448110268,448.65735254171653,0.29115878203464857,2.9200348521800823,0.0029635417585199505,107.50010833842437,0.14965837681950445,0.44522819912500006,120.0,119.32287615248947,12900.013000610925
15,1.0,51014,448.5,2.92,107.5,120.0,COMPLETE,NONE,422.0,100.53604212847105,100.38718593722825,448.6519109586214,0.286657183764946,2.9199792565649574,0.0029791767722165893,107.50122941543246,0.14396879359803294,0.4452347760625,120.0,119.32013345826705,12900.147529851896
16,1.0,51015,448.5,2.92,107.5,120.0,COMPLETE,NONE,421.25,100.22808586227347,99.91861557611671,448.6583845914753,0.2862431803243696,2.9199835508387846,0.0031721792989980063,107.49799776196049,0.14580098219660256,0.44522305549999996,120.0,119.32339511759301,12899.759731435259
17,1.0,51016,448.5,2.92,107.5,120.0,COMPLETE,NONE,421.5,100.39401787831376,100.52148834160423,448.6529709700398,0.286299233314195,2.9200209497237477,0.0030589962046104974,107.50669419019877,0.1513201615809834,0.4452164531041667,120.0,119.32066746901198,12900.803302823853
18,1.0,51017,448.5,2.92,107.5,120.0,COMPLETE,NONE,422.25,100.35939204205887,100.27544746994981,448.6462933696621,0.27397690464316005,2.919976249028822,0.0031884058675367183,107.5100257502576,0.15222371491946418,0.4452796549166667,120.0,119.3173004562013,12901.203090030911
19,1.0,51018,448.5,2.92,107.5,120.0,COMPLETE,NONE,420.75,100.30593817333096,100.54206681504934,448.6624319094446,0.300848636922408,2.9199807269857985,0.0028246631369585615,107.5028140188015,0.15554525167320507,0.44516806570833334,120.0,119.32543751108894,12900.33768225618
20,1.0,51019,448.5,2.92,107.5,120.0,COMPLETE,NONE,421.75,101.25310798665706,101.20613761448598,448.6533470861835,0.289667445077839,2.9200399790366114,0.003018136189046887,107.48712417395058,0.153190160580054,0.44526845733333337,120.0,119.32085768558866,12898.454900874069
21,1.0,51020,448.5,2.92,107.5,120.0,COMPLETE,NONE,423.25,100.48633281386242,100.16625495360387,448.6376467280648,0.26461031830879744,2.919991926484936,0.0030890813655396116,107.48690219264108,0.14098912126933255,0.445282002625,120.0,119.31294207689649,12898.42826311693
22,1.0,51021,448.5,2.92,107.5,120.0,COMPLETE,NONE,421.25,99.39187176501179,99.35078013233807,448.653992757364,0.287031883794185,2.919964472980841,0.003021697673853084,107.48764457847203,0.15064156803843043,0.445232360375,120.0,119.32118244883895,12898.517349416643
23,1.0,51022,448.5,2.92,107.5,120.0,COMPLETE,NONE,422.5,99.90741799283445,99.60683956891009,448.6436953909077,0.2735464016759699,2.919992006200539,0.003019134067757795,107.497685388857,0.1512872714113875,0.44524693437499996,120.0,119.31599139431498,12899.72224666284
24,1.0,51023,448.5,2.92,107.5,120.0,COMPLETE,NONE,421.75,102.01683212831503,102.06313633062689,448.6516886851616,0.28833211031410205,2.919986822089613,0.003072436807184163,107.49750057092906,0.15064138193187904,0.44519073075,120.0,119.320021816828,12899.700068511487
25,1.0,51024,448.5,2.92,107.5,120.0,COMPLETE,NONE,422.5,101.7258558897011,101.58529243453528,448.64554013322976,0.2829093032757654,2.9199910748561217,0.0028750855363984763,107.49627291909358,0.14535967487754362,0.44522582604166666,120.0,119.31692276088413,12899.55275029123
26,1.0,51025,448.5,2.92,107.5,120.0,COMPLETE,NONE,422.5,101.59347665952437,101.435551626784,448.6504417395794,0.2843878558365916,2.920005266027232,0.0029975510752111513,107.51316880054485,0.15294775534047814,0.44519680533333333,120.0,119.31939272068641,12901.580256065381
27,1.0,51026,448.5,2.92,107.5,120.0,COMPLETE,NONE,422.25,100.57382197616441,100.76487783354811,448.6518895654123,0.2829457481918733,2.9199557612293696,0.0032721749110373845,107.50124678542866,0.15450838227465102,0.44521495575000003,120.0,119.32012190472574,12900.149614251439
28,1.0,51027,448.5,2.92,107.5,120.0,COMPLETE,NONE,421.25,99.61237398485541,99.917001488897,448.6542402111508,0.2880678054258741,2.9200112580510518,0.0028651651306457666,107.50007690124058,0.14749450873805314,0.445215874375,120.0,119.32130734663102,12900.009228148869
29,1.0,51028,448.5,2.92,107.5,120.0,COMPLETE,NONE,422.5,99.71723780268539,99.97346739579767,448.6506544676278,0.2767484133951872,2.9199715201616048,0.002958254449174001,107.50061173504082,0.15573457744798827,0.44519235064583335,120.0,119.31949833567394,12900.073408204898
30,1.0,51029,448.5,2.92,107.5,120.0,COMPLETE,NONE,424.5,98.59477659665687,98.96994632681064,448.62783873556714,0.25464450632715063,2.919993618216208,0.002925117618461763,107.49859938533953,0.1522393362667548,0.4452930608958333,120.0,119.3079985776912,12899.831926240744
31,1.0,51030,448.5,2.92,107.5,120.0,COMPLETE,NONE,423.0,100.68572076421559,100.77746535594676,448.64292820447866,0.2689063164253836,2.9199907110372605,0.003052062539819131,107.51194374157903,0.14960689230134425,0.445235776,120.0,119.31560393234975,12901.433248989484
32,1.0,51031,448.5,2.92,107.5,120.0,COMPLETE,NONE,421.5,99.72483570596283,99.50912901884924,448.6565039354493,0.2889020480689924,2.9200294590237736,0.0030781768057916046,107.504129853542,0.15476972256870603,0.44517674052083334,120.0,119.32244810248422,12900.49558242504
33,1.0,51032,448.5,2.92,107.5,120.0,COMPLETE,NONE,421.75,102.27881567032378,102.66405565593965,448.65082488429897,0.280345494325515,2.919992773689456,0.002839277066475112,107.50733292129202,0.15636738671884465,0.44519602541666664,120.0,119.31958493196721,12900.879950555041
34,1.0,51033,448.5,2.92,107.5,120.0,COMPLETE,NONE,421.75,99.25245809959502,99.07542271522834,448.6516908047887,0.2866846302435894,2.9199936845236865,0.0032011559785692155,107.49400055370879,0.15233118209866162,0.44521109008333337,120.0,119.32002253909508,12899.280066445055
35,1.0,51034,448.5,2.92,107.5,120.0,COMPLETE,NONE,422.5,100.04238214539839,99.80633285181176,448.6434121339691,0.27784442799987324,2.9200375198831057,0.002904459148514599,107.49057275508325,0.14418536534086915,0.4452672889375,120.0,119.31584954556912,12898.86873060999
36,1.0,51035,448.5,2.92,107.5,120.0,COMPLETE,NONE,421.25,99.78997942123695,99.70244971859894,448.6596369070414,0.29487566972262463,2.9199640888008305,0.003112263822637111,107.49336408859809,0.1494157168323557,0.4451774720208333,120.0,119.32402793458724,12899.20369063177
37,1.0,51036,448.5,2.92,107.5,120.0,COMPLETE,NONE,422.75,100.38695729869895,100.58277859945463,448.6476553044616,0.277830893995055,2.919985191172529,0.0029905057415222343,107.50490459615047,0.14949690788555844,0.4452468692708333,120.0,119.3179874379982,12900.588551538056
38,1.0,51037,448.5,2.92,107.5,120.0,COMPLETE,NONE,421.75,99.77891287960975,100.17886439957778,448.6537059538715,0.2885684142253948,2.9200129866059723,0.003214939655248444,107.49603223680357,0.15944003034864468,0.4452035555,120.0,119.32103826748568,12899.523868416429
39,1.0,51038,448.5,2.92,107.5,120.0,COMPLETE,NONE,421.25,99.68448979974644,99.28311778933697,448.6559579788746,0.28686166613319586,2.9200038250670226,0.0031391068954795417,107.49819073201651,0.14987164044677426,0.44518199408333337,120.0,119.32217259271773,12899.78288784198
40,1.0,51039,448.5,2.92,107.5,120.0,COMPLETE,NONE,420.5,100.53307363620961,100.68175306371768,448.6637304716814,0.3034045550309245,2.9199935675431323,0.002977128788243719,107.49451623408899,0.14589130102370956,0.44516987075000003,120.0,119.32609236552901,12899.34194809068
41,1.0,51040,448.5,2.92,107.5,120.0,COMPLETE,NONE,420.75,99.40729828714672,99.59460145303096,448.66382152244586,0.3050767584422846,2.919963176726491,0.002918480058170367,107.4982909428892,0.14577081193059468,0.4451266598333333,120.0,119.32613861433883,12899.794913146703
42,1.0,51041,448.5,2.92,107.5,120.0,COMPLETE,NONE,421.25,100.56029368040272,100.8811025808461,448.65878173680477,0.29051049145927754,2.919986228534142,0.003006541459811305,107.50175950502198,0.1474169576978538,0.4452038814375,120.0,119.32359611939323,12900.211140602638
43,1.0,51042,448.5,2.92,107.5,120.0,COMPLETE,NONE,422.25,100.66611803201704,100.7953327316859,448.65566248755357,0.29898926096600176,2.919957154907102,0.0030193322392115898,107.49501283496912,0.15461105774841943,0.445166967625,120.0,119.32202630443476,12899.401540196293
44,1.0,51043,448.5,2.92,107.5,120.0,COMPLETE,NONE,422.5,100.49179418902412,100.38995897459712,448.6501970877719,0.2896013289423583,2.9200013207707545,0.0030692801917556324,107.5018575537267,0.15794247856112964,0.4452399094375,120.0,119.31927054570326,12900.222906447203
45,1.0,51044,448.5,2.92,107.5,120.0,COMPLETE,NONE,421.5,100.80634734781005,100.69689966020644,448.65530919604885,0.2886351500114649,2.919981432480873,0.003188409868864618,107.49757631981711,0.1445950014296588,0.4452108485416667,120.0,119.3218460732344,12899.709158378053
46,1.0,51045,448.5,2.92,107.5,120.0,COMPLETE,NONE,420.5,100.30548007010111,100.4905309320568,448.6554192593043,0.2968194005467586,2.9200108752290466,0.002952412949106173,107.49203425585506,0.14716268502733348,0.44519869487499997,120.0,119.32190328220503,12899.044110702607
47,1.0,51046,448.5,2.92,107.5,120.0,COMPLETE,NONE,422.75,101.76743565894195,101.24519402250196,448.6464510964882,0.27367241998942754,2.9200279373252416,0.003011548784052257,107.49056294220551,0.14271796702600195,0.4452305694583333,120.0,119.3173798639405,12898.867553064661
48,1.0,51047,448.5,2.92,107.5,120.0,COMPLETE,NONE,421.0,100.1697273713353,100.2257181054812,448.6566537078149,0.2919060723927983,2.92001242177791,0.0029997290948306317,107.50118790215228,0.13883817461448256,0.4451451933541667,120.0,119.32252420289726,12900.142548258274
49,1.0,51048,448.5,2.92,107.5,120.0,COMPLETE,NONE,421.5,101.21953699217184,101.05543607613453,448.65765366603154,0.2939372828596982,2.9199859447983485,0.0030515719042540626,107.48743280041211,0.15631836184987602,0.4451929369791667,120.0,119.32302846998974,12898.491936049453
50,1.0,51049,448.5,2.92,107.5,120.0,COMPLETE,NONE,420.75,101.81174377471247,101.91548736085913,448.66787800698035,0.30068266840215324,2.920013009818885,0.002845395525412496,107.50479293099413,0.1539066920526057,0.44514102227083335,120.0,119.32818153727308,12900.575151719295
51,1.0,51050,448.5,2.92,107.5,120.0,COMPLETE,NONE,423.5,100.39153621415886,100.36882668262952,448.6422485421284,0.28050508384272715,2.919973361043885,0.0030349242560306013,107.48781942992105,0.1499182484754688,0.44522145745833336,120.0,119.31526382193378,12898.538331590526
52,1.0,51051,448.5,2.92,107.5,120.0,COMPLETE,NONE,419.5,100.27022630642547,100.05528065291305,448.6692217326717,0.30909622834133266,2.920041246474336,0.002981684521567248,107.49169095074429,0.15110820812842501,0.4451557751666667,120.0,119.32886046257815,12899.002914089315
53,1.0,51052,448.5,2.92,107.5,120.0,COMPLETE,NONE,420.25,100.7684881357201,100.70370903378324,448.6641554471318,0.29651258719679635,2.919998698861418,0.0031149435588786064,107.51317622623968,0.1504735563343122,0.4452247433958334,120.0,119.32630498210307,12901.581147148761
54,1.0,51053,448.5,2.92,107.5,120.0,COMPLETE,NONE,422.0,99.51771526486542,99.4398245873005,448.65199318151315,0.2829938523827032,2.920001879794227,0.0028355809372721816,107.49376131797992,0.15353434453541934,0.4451781954583333,120.0,119.32017412335912,12899.25135815759
55,1.0,51054,448.5,2.92,107.5,120.0,COMPLETE,NONE,421.75,100.17280156625841,100.55739321010188,448.6556503609653,0.28503027961266164,2.919995882729142,0.002990267784795079,107.50839469660735,0.15301121400508225,0.4452010971875,120.0,119.3220172147944,12901.007363592882
56,1.0,51055,448.5,2.92,107.5,120.0,COMPLETE,NONE,422.25,98.82356096236072,98.97108344024723,448.647080532358,0.2809237373034522,2.920023919771491,0.003175155584868267,107.49838702860666,0.1461921278883468,0.44522567250000006,120.0,119.31769847235589,12899.806443432799
57,1.0,51056,448.5,2.92,107.5,120.0,COMPLETE,NONE,421.5,99.40309517536392,98.98830979683184,448.65239470804227,0.28681967444509615,2.919956432211141,0.0030778544212380437,107.48993916231119,0.14844084745334662,0.44521407879166663,120.0,119.32037722742987,12898.792699477342
58,1.0,51057,448.5,2.92,107.5,120.0,COMPLETE,NONE,421.5,101.29613413938381,100.94056419159011,448.6554398922563,0.2895126310322306,2.920008666518811,0.0030625651240220445,107.48373376787873,0.15821396808600963,0.4452157997916667,120.0,119.32191211160493,12898.048052145448
59,1.0,51058,448.5,2.92,107.5,120.0,COMPLETE,NONE,422.5,100.96475742367618,100.71123492198001,448.6487671531059,0.2807292270396483,2.9199851912935335,0.003152641656221321,107.5125357459382,0.15815920529145489,0.4452288248333333,120.0,119.31854823003593,12901.504289512583
60,1.0,51059,448.5,2.92,107.5,120.0,COMPLETE,NONE,420.5,100.7163107126027,100.70435195071359,448.6644523348504,0.3049386898090812,2.9199998196680523,0.003101959794759758,107.49656540188893,0.14392081675813448,0.4451749230625,120.0,119.32645642263684,12899.58784822667
61,1.0,51060,448.5,2.92,107.5,120.0,COMPLETE,NONE,421.5,100.80935203385444,100.6259125865966,448.6589437223654,0.28909820819930965,2.9200369567149767,0.0031738684080493858,107.51429677842683,0.14776901922163954,0.44513057200000006,120.0,119.3236774381688,12901.71561341122
62,1.0,51061,448.5,2.92,107.5,120.0,COMPLETE,NONE,420.0,99.27913031854958,99.78784630774359,448.66800100012927,0.3081761919077632,2.919980580305212,0.003039738961885217,107.50098705279048,0.15389516811219328,0.44513120035416665,120.0,119.32824517525691,12900.118446334858
63,1.0,51062,448.5,2.92,107.5,120.0,COMPLETE,NONE,421.25,101.06638629909128,100.90930107275109,448.65714922197134,0.2876869838878689,2.9200100097804333,0.002994154859089009,107.51622469041986,0.14713555713762227,0.44520115593750004,120.0,119.32277297511166,12901.946962850383
64,1.0,51063,448.5,2.92,107.5,120.0,COMPLETE,NONE,423.25,98.82119649161952,98.54172123871471,448.6438302088742,0.27102583786182194,2.9200071499538653,0.003110177282489047,107.49779256261178,0.15536274798634048,0.4452493495,120.0,119.31605881947846,12899.735107513414
65,1.0,51064,448.5,2.92,107.5,120.0,COMPLETE,NONE,421.25,100.0562025229765,99.76393852065009,448.657888565512,0.29234207206275076,2.920025775387195,0.0031643380189401446,107.49096617206354,0.15024069018279346,0.44518657752083335,120.0,119.32314648284725,12898.915940647625
66,1.0,51065,448.5,2.92,107.5,120.0,COMPLETE,NONE,420.5,98.70791961018071,98.9704420125489,448.6643988126373,0.3069846326531291,2.9200486372218433,0.003037782743728853,107.50417432008506,0.1475140473200648,0.4451740060833334,120.0,119.32642991472352,12900.500918410207
67,1.0,51066,448.5,2.92,107.5,120.0,COMPLETE,NONE,421.25,101.10863616231468,101.4172048212145,448.6559175990096,0.30017465923820025,2.9200022382208792,0.0032524708635117442,107.49290949995297,0.1477435601371884,0.44522957406249997,120.0,119.32215510331976,12899.149139994357
68,1.0,51067,448.5,2.92,107.5,120.0,COMPLETE,NONE,420.75,100.83909000321111,100.68757621684591,448.665945720039,0.31295668723383974,2.9200352151387845,0.00328027027751859,107.49879634156053,0.14956877531499624,0.445135151625,120.0,119.3272106871073,12899.855560987264
69,1.0,51068,448.5,2.92,107.5,120.0,COMPLETE,NONE,422.25,100.41965519791253,100.97805708190668,448.648586928753,0.28285465603135895,2.9200051322044676,0.0031264595262699836,107.5056672978827,0.146465915260166,0.44522270072916664,120.0,119.31845786165077,12900.680075745924
70,1.0,51069,448.5,2.92,107.5,120.0,COMPLETE,NONE,421.75,101.11204539889286,101.02864414063932,448.66357426781695,0.3009874755541682,2.919963180918309,0.002992621211166623,107.50617543000403,0.13866362304985685,0.4450957811249999,120.0,119.32601312531668,12900.741051600484
71,1.0,51070,448.5,2.92,107.5,120.0,COMPLETE,NONE,421.25,99.27941908581728,99.44740196454971,448.6553226842178,0.28552342665298186,2.92002988578802,0.0030661817316932657,107.49989294288626,0.14458409218158144,0.4452289474166667,120.0,119.32185221906323,12899.987153146352
72,1.0,51071,448.5,2.92,107.5,120.0,COMPLETE,NONE,421.25,101.11806095722001,100.89412852121276,448.65660703070523,0.2907161037258427,2.920004759275868,0.0029622080185231874,107.50309893659636,0.1514347780874457,0.4451890380625,120.0,119.32250043033412,12900.371872391563
73,1.0,51072,448.5,2.92,107.5,120.0,COMPLETE,NONE,420.5,100.61332830950019,100.77406947105173,448.6615378435075,0.30164417154510664,2.9200083442023326,0.0030215961502080614,107.50244867948823,0.1571444771388025,0.4451874785625,120.0,119.32498720644446,12900.293841538587
74,1.0,51073,448.5,2.92,107.5,120.0,COMPLETE,NONE,421.5,99.80465674529123,99.84242582657606,448.65315876246893,0.2906839688125338,2.9200145848609833,0.0032052192473529697,107.49243473684328,0.15477390374423172,0.4452145677916667,120.0,119.320763010841,12899.092168421193
75,1.0,51074,448.5,2.92,107.5,120.0,COMPLETE,NONE,420.5,100.12594801846184,99.6945368581999,448.66421476641335,0.29152834923176735,2.919993484457114,0.003083568241419621,107.49717079526431,0.15325802190862128,0.44518040329166664,120.0,119.32633379928956,12899.660495431717
76,1.0,51075,448.5,2.92,107.5,120.0,COMPLETE,NONE,420.5,100.60209001815316,100.74108899564791,448.65950709264564,0.29425813497793346,2.9199787093655325,0.0030555455119742137,107.50018359563761,0.14677362444800363,0.44518647625,120.0,119.32396239466796,12900.022031476514
77,1.0,51076,448.5,2.92,107.5,120.0,COMPLETE,NONE,421.25,100.3884888373833,100.28958597912255,448.6586172245425,0.2924163038818943,2.920025815737947,0.0031700205396327477,107.50187777468366,0.150983850535771,0.4451751021458333,120.0,119.32351363482684,12900.22533296204
78,1.0,51077,448.5,2.92,107.5,120.0,COMPLETE,NONE,422.0,101.87576061357225,101.73683719401473,448.6505918361835,0.2854276993271953,2.919988097209093,0.0031128470865548746,107.4995911340811,0.14962593748130137,0.4452288520416667,120.0,119.31946856260458,12899.950936089732
79,1.0,51078,448.5,2.92,107.5,120.0,COMPLETE,NONE,420.75,101.28507862308277,101.36398326414668,448.6600625282081,0.29523382357018574,2.9199975146214925,0.0028371487997122698,107.49030901928191,0.1405118332290027,0.44519573402083334,120.0,119.3242424627748,12898.837082313828
80,1.0,51079,448.5,2.92,107.5,120.0,COMPLETE,NONE,421.0,99.8886208823381,99.41608034504581,448.65500436702,0.2897393723481235,2.919994786714395,0.003244934546057597,107.4994066283932,0.15230681958502598,0.44521420945833334,120.0,119.32169272139416,12899.928795407184
81,1.0,51080,448.5,2.92,107.5,120.0,COMPLETE,NONE,422.0,98.9134893991225,98.89935380030231,448.6483126415196,0.28241720623372574,2.9200168110334697,0.003102850903737508,107.49718667295434,0.1526381554901935,0.4452253586041667,120.0,119.31831957370746,12899.662400754522
82,1.0,51081,448.5,2.92,107.5,120.0,COMPLETE,NONE,423.25,99.9639398259336,100.18530856123719,448.63900884539805,0.26350343239347557,2.9199868250631056,0.003059401923606543,107.50268455357103,0.1516803749256412,0.44527804706249996,120.0,119.31362815008238,12900.322146428523
83,1.0,51082,448.5,2.92,107.5,120.0,COMPLETE,NONE,422.25,100.58654062002597,100.56750237560207,448.645915246917,0.2814626702039023,2.9200009196399903,0.0031202542102445815,107.4903687269806,0.16076390536600926,0.44526877747916666,120.0,119.31711145976834,12898.844247237672
84,1.0,51083,448.5,2.92,107.5,120.0,COMPLETE,NONE,420.75,100.30889961490364,100.18389893006054,448.65598546738823,0.2952168543375214,2.920006224333375,0.0030512436366688205,107.49682607586088,0.14839071095190617,0.4452213321249999,120.0,119.322188219119,12899.619129103306
85,1.0,51084,448.5,2.92,107.5,120.0,COMPLETE,NONE,424.0,100.65366585524121,100.58067258972432,448.63524397281327,0.26485223517218,2.9199751599994115,0.003232825168189206,107.50166026842109,0.15049559525165837,0.44527651427083337,120.0,119.31173152554302,12900.19923221053
86,1.0,51085,448.5,2.92,107.5,120.0,COMPLETE,NONE,421.5,100.85312618554927,100.47132802126116,448.6526737562491,0.2834592933898219,2.920058286910223,0.0032814124705829594,107.50539410007677,0.16195123249953078,0.44526004772916666,120.0,119.32051712597564,12900.647292009213
87,1.0,51086,448.5,2.92,107.5,120.0,COMPLETE,NONE,421.0,100.74593456026025,100.86938338664986,448.66229211490725,0.30006601842454,2.9199504223465143,0.0031825245706966405,107.50318802631122,0.15407656043708073,0.44515249652083333,120.0,119.32536690236583,12900.382563157347
88,1.0,51087,448.5,2.92,107.5,120.0,COMPLETE,NONE,420.75,99.54485774198112,100.17064138439243,448.6593366076523,0.29255886921683416,2.9199818681860616,0.0031653063079428046,107.48781514104797,0.1449080799637214,0.4452413932916667,120.0,119.32387613104439,12898.537816925756
89,1.0,51088,448.5,2.92,107.5,120.0,COMPLETE,NONE,420.0,101.15271057098346,100.69976279911236,448.67027325300677,0.3058810897311168,2.920016384796523,0.002980667736721817,107.51038394511643,0.15435053227904702,0.4451320852708333,120.0,119.32938955975786,12901.246073413971
90,1.0,51089,448.5,2.92,107.5,120.0,COMPLETE,NONE,421.5,99.99225202434027,99.8104836372003,448.6555568576028,0.2884595016051319,2.919983580557679,0.0030384525241477977,107.50221926490634,0.15294049816143646,0.44519922470833334,120.0,119.3219708224002,12900.26631178876
91,1.0,51090,448.5,2.92,107.5,120.0,COMPLETE,NONE,420.75,100.7334743565366,100.69180370943371,448.66195424088426,0.29055069986729115,2.9200134509312607,0.0029645417042269587,107.51326505918902,0.15056944087242655,0.44518210691666665,120.0,119.32519460958807,12901.591807102683
92,1.0,51091,448.5,2.92,107.5,120.0,COMPLETE,NONE,420.5,99.73931827833964,99.548801497942,448.66213642895843,0.3006059438255377,2.919997495129618,0.0029403867613889824,107.49758193292634,0.1464091818500236,0.44519485295833333,120.0,119.32528857857004,12899.70983195116
93,1.0,51092,448.5,2.92,107.5,120.0,COMPLETE,NONE,420.5,98.5498583371047,98.26369388467529,448.66177014249075,0.29695307018203004,2.920003906399714,0.003003656736569451,107.49533750027402,0.14772120026640584,0.44519172154166664,120.0,119.32510322638747,12899.440500032882
94,1.0,51093,448.5,2.92,107.5,120.0,COMPLETE,NONE,421.75,101.66526684068673,101.76073526657068,448.6570343069421,0.2925141013365343,2.919998174009521,0.0031336623231143818,107.48371398398392,0.1552026761009052,0.4451406169166667,120.0,119.32271609803955,12898.04567807807
95,1.0,51094,448.5,2.92,107.5,120.0,COMPLETE,NONE,423.5,99.75986234677522,99.73063984449132,448.63943102330205,0.26859037810785813,2.9200097094334345,0.003081756297948608,107.50696326359974,0.14281404805823875,0.4452450991458334,120.0,119.31384184925697,12900.835591631969
96,1.0,51095,448.5,2.92,107.5,120.0,COMPLETE,NONE,422.25,99.6139528606626,99.93426973392633,448.6517234066905,0.2804145511507221,2.920012599575673,0.0030687315700007917,107.48486172252885,0.14443336989997826,0.4452087546875,120.0,119.32003766574505,12898.183406703462
97,1.0,51096,448.5,2.92,107.5,120.0,COMPLETE,NONE,421.0,101.1425891161991,100.98216255063434,448.6608432101778,0.29889570815299976,2.9199890130178145,0.0031654934946245905,107.50938769253737,0.15579814935003508,0.4451915574583334,120.0,119.32463660789088,12901.126523104485
98,1.0,51097,448.5,2.92,107.5,120.0,COMPLETE,NONE,421.25,100.56241832814597,100.46872911121565,448.6557432465179,0.2914441286958028,2.920011094810588,0.003084740145859418,107.50547580476233,0.1499091034100156,0.44521511777083334,120.0,119.32206536665474,12900.65709657148
99,1.0,51098,448.5,2.92,107.5,120.0,COMPLETE,NONE,422.5,100.86585371521318,100.45272157034498,448.6444699242837,0.2754257010305415,2.920016680795197,0.003199069138056646,107.5087958691193,0.15159272344687927,0.4452382571041667,120.0,119.316382014388,12901.055504294316
100,1.0,51099,448.5,2.92,107.5,120.0,COMPLETE,NONE,424.0,100.55344455090275,100.45625763920539,448.63137850348375,0.2602988612795528,2.919974422486037,0.002812860013212858,107.50002885444889,0.15879453951107714,0.4452686196041667,120.0,119.30978309133738,12900.003462533867
101,1.0,51100,448.5,2.92,107.5,120.0,COMPLETE,NONE,422.25,98.78432735962916,98.82173010838093,448.64878071778725,0.27695209657807823,2.920001122036523,0.0031319633317986972,107.51316425246472,0.14283535530245237,0.44521419635416665,120.0,119.3185542948829,12901.579710295766
102,1.0,51101,448.5,2.92,107.5,120.0,COMPLETE,NONE,420.25,101.8742519887426,101.79850886628192,448.6598885198535,0.2976210993213359,2.9199400787115337,0.003190020239296603,107.50941349562335,0.15202152468029617,0.44518572268749995,120.0,119.32415530419766,12901.129619474801
103,1.0,51102,448.5,2.92,107.5,120.0,COMPLETE,NONE,423.25,98.99368121858984,98.84457775406716,448.64307794649005,0.27679334198563743,2.919981186829415,0.0032245433073227413,107.49467256010351,0.15627557770950393,0.44522384574999996,120.0,119.31568095456055,12899.360707212421
104,1.0,51103,448.5,2.92,107.5,120.0,COMPLETE,NONE,421.25,100.00262827082561,99.96222285467705,448.6549717977763,0.2861557365094102,2.919965038105255,0.003063494900772528,107.50876813365767,0.15091449236300508,0.4452137861041667,120.0,119.32167555627323,12901.05217603892
105,1.0,51104,448.5,2.92,107.5,120.0,COMPLETE,NONE,420.5,98.74800844701892,98.59228920071595,448.6606447049874,0.3005472550929298,2.919995095711053,0.0030168604434439514,107.50475586585117,0.14054493082126232,0.4451556132916667,120.0,119.32453695177418,12900.57070390214
106,1.0,51105,448.5,2.92,107.5,120.0,COMPLETE,NONE,422.25,98.39251040066507,97.90452311028413,448.64684173680706,0.27557009568939206,2.9199967449477926,0.003064269632399105,107.50427935377147,0.1419220397754821,0.4452297611875,120.0,119.31757706836649,12900.513522452577
107,1.0,51106,448.5,2.92,107.5,120.0,COMPLETE,NONE,421.5,101.48154741502663,101.72890220307512,448.6486910231575,0.2811123545496824,2.919992765765145,0.0029020708365276736,107.49314809046777,0.15097164263091553,0.44524928572916667,120.0,119.31850995107554,12899.177770856133
108,1.0,51107,448.5,2.92,107.5,120.0,COMPLETE,NONE,420.5,100.02868346272591,100.27393878861321,448.6648222840612,0.2922650173849369,2.919994866421132,0.0029569480344544025,107.48897606888904,0.1454499944904324,0.44515915274999995,120.0,119.32664005754836,12898.677128266685
109,1.0,51108,448.5,2.92,107.5,120.0,COMPLETE,NONE,422.5,99.12710604665887,99.28887883861606,448.6452006213212,0.2832193487457896,2.9200173488986034,0.003112872481019018,107.47752472301401,0.14449784884972688,0.4452413277708333,120.0,119.31675176363544,12897.302966761681
110,1.0,51109,448.5,2.92,107.5,120.0,COMPLETE,NONE,420.75,100.20108096452763,100.46229222858952,448.6625213729476,0.30201439572912525,2.9200458808844942,0.003098453207809343,107.4968101757474,0.15196071613049245,0.44514147370833335,120.0,119.32548284442682,12899.617221089688
111,1.0,51110,448.5,2.92,107.5,120.0,COMPLETE,NONE,421.75,100.00721644611136,99.66020845215739,448.65240321685656,0.285622323840892,2.9200224932051944,0.0030491168609258477,107.50813662196202,0.15030216452533546,0.4452237646041667,120.0,119.32038126462194,12900.976394635443
112,1.0,51111,448.5,2.92,107.5,120.0,COMPLETE,NONE,421.0,99.9642266342376,100.4058203578991,448.65910480746567,0.29398144934751635,2.9199905788160603,0.0033311762928761586,107.49394895077707,0.14557986645390125,0.44522058347916665,120.0,119.32375964079434,12899.273874093247
113,1.0,51112,448.5,2.92,107.5,120.0,COMPLETE,NONE,421.25,100.00424678136679,100.39252438148236,448.65815830274033,0.29129746559637826,2.920008296177944,0.0029811208950992233,107.48803805847996,0.1519257741579767,0.445178370875,120.0,119.3232821678638,12898.564567017595
114,1.0,51113,448.5,2.92,107.5,120.0,COMPLETE,NONE,421.0,99.83915677093918,99.93128072309787,448.6577941275375,0.2986761656108305,2.919998495732894,0.00295144731502674,107.50857270525132,0.14197906353545325,0.4451765240833333,120.0,119.32310026568902,12901.02872463016
115,1.0,51114,448.5,2.92,107.5,120.0,COMPLETE,NONE,420.0,99.3637678563977,99.1895699579336,448.6665635892567,0.30117988430603154,2.9199811463987637,0.003165904917280143,107.49851393758179,0.1546146597610256,0.44516081375000005,120.0,119.32751936359348,12899.821672509815
116,1.0,51115,448.5,2.92,107.5,120.0,COMPLETE,NONE,420.5,100.75489029833697,100.67022379438731,448.66199825563695,0.29711914249502064,2.9200284167364328,0.0031783569423410605,107.50433872679336,0.14825384305961067,0.44519771222916665,120.0,119.32521819727563,12900.520647215204
117,1.0,51116,448.5,2.92,107.5,120.0,COMPLETE,NONE,421.0,99.60004477261268,99.43217893009108,448.6519051260254,0.28374150405077964,2.9200061093641185,0.0030803520472742676,107.50452573077335,0.1472953324756355,0.44525144906249997,120.0,119.32012991028509,12900.543087692802
118,1.0,51117,448.5,2.92,107.5,120.0,COMPLETE,NONE,421.25,99.37714439775418,99.29173561522451,448.6572229233347,0.28718773063059755,2.9199921950559276,0.003130742979783836,107.50266902982943,0.15302805426673613,0.4451489812083333,120.0,119.32281000540414,12900.320283579533
119,1.0,51118,448.5,2.92,107.5,120.0,COMPLETE,NONE,421.0,100.072516048124,100.26645616174595,448.65600707875365,0.2877700057690116,2.9199587546261796,0.0030227284822120608,107.5017459189641,0.15037643288707428,0.44522579366666665,120.0,119.32219752054532,12900.209510275692
120,1.0,51119,448.5,2.92,107.5,120.0,COMPLETE,NONE,422.25,99.33769985400995,99.24674740724416,448.6452201794777,0.2749562359379379,2.919990094172158,0.002980646428712243,107.50399833301512,0.14544640415362,0.4452387816041667,120.0,119.31675993189901,12900.479799961815
121,1.0,51120,448.5,2.92,107.5,120.0,COMPLETE,NONE,419.25,99.5143743636466,99.18335415919525,448.6736218091531,0.3128914974374164,2.920010422079239,0.003101719207112711,107.49560494405041,0.15050516477467193,0.4451044333333333,120.0,119.33107835992257,12899.47259328605
122,1.0,51121,448.5,2.92,107.5,120.0,COMPLETE,NONE,421.0,101.07964410743774,101.13979422580604,448.6590176258357,0.2945496387479648,2.920029836294581,0.003082183895432678,107.50013760163526,0.14541623505985024,0.44522282539583335,120.0,119.32371583680577,12900.01651219623
123,1.0,51122,448.5,2.92,107.5,120.0,COMPLETE,NONE,421.75,99.99042648748795,100.21694107909875,448.6544837179259,0.28600197592461646,2.9200500560530616,0.0031160323215860277,107.50267322163467,0.15719379909570813,0.4451690450833333,120.0,119.32142960426452,12900.32078659616
124,1.0,51123,448.5,2.92,107.5,120.0,COMPLETE,NONE,421.5,99.4183514273474,99.94988527184066,448.6541876786963,0.28999464325154145,2.9199978601420726,0.003175246169070586,107.50535686325217,0.14376215333694894,0.44521736283333335,120.0,119.3212812855215,12900.64282359026
125,1.0,51124,448.5,2.92,107.5,120.0,COMPLETE,NONE,420.75,100.71075673425092,100.99397344837908,448.6565259561594,0.29169104928860634,2.9200135976243122,0.0030840551356131718,107.49653963084556,0.1493804467259185,0.4451614875416667,120.0,119.32245978864997,12899.584755701468
126,1.0,51125,448.5,2.92,107.5,120.0,COMPLETE,NONE,420.75,100.4972863267428,100.4841074604104,448.6607072015484,0.3022497699919889,2.9200118310293144,0.002901273927889413,107.49835208871397,0.15402547338006256,0.4452059211875,120.0,119.3245688162953,12899.802250645676
127,1.0,51126,448.5,2.92,107.5,120.0,COMPLETE,NONE,420.75,100.15080855621417,99.8987572542049,448.66123123585385,0.30353028435964996,2.9200044794232674,0.0029946262660043893,107.49327954370884,0.14653850321819353,0.4452066746875,120.0,119.32483313763717,12899.19354524506
128,1.0,51127,448.5,2.92,107.5,120.0,COMPLETE,NONE,423.0,101.1716101096334,101.08615437279579,448.6427106425799,0.2708260951130396,2.9199672117865676,0.0031018585573142823,107.50792954575178,0.14580807892517922,0.4452578475833333,120.0,119.31549469602655,12900.951545490214
129,1.0,51128,448.5,2.92,107.5,120.0,COMPLETE,NONE,422.25,100.35803747154567,100.54230468262823,448.64704453118895,0.2820503751778497,2.9200006708907194,0.003005999406756861,107.50240687271766,0.1434266289471362,0.4452663402708333,120.0,119.31768056385994,12900.288824726118
130,1.0,51129,448.5,2.92,107.5,120.0,COMPLETE,NONE,422.5,102.88298850024461,102.8266796596161,448.64844116119207,0.271491695209762,2.9200137341597836,0.002994550314632689,107.49498228285232,0.1517932112279252,0.4452049700416667,120.0,119.3183821150918,12899.397873942278
131,1.0,51130,448.5,2.92,107.5,120.0,COMPLETE,NONE,421.0,99.89393588654545,99.9221225609892,448.6567092714537,0.2956762744222178,2.9200071333952997,0.003001456464667211,107.5037068100859,0.15114069904013963,0.44518260827083334,120.0,119.32255300861013,12900.444817210308
132,1.0,51131,448.5,2.92,107.5,120.0,COMPLETE,NONE,421.75,101.3026509254726,101.4501658221812,448.6521637623594,0.28311885317327273,2.91999236669204,0.003145249967393347,107.48918445470864,0.14984533793438204,0.4452226765625001,120.0,119.32026009545275,12898.702134565036
133,1.0,51132,448.5,2.92,107.5,120.0,COMPLETE,NONE,422.25,100.80702283089028,100.85714447918855,448.6502133938105,0.2859154845999194,2.9199880865084094,0.0029802899760220246,107.4944960552848,0.14688036377578054,0.4452305862916667,120.0,119.31927798719144,12899.339526634176
134,1.0,51133,448.5,2.92,107.5,120.0,COMPLETE,NONE,421.5,99.6409274085138,99.70284660928986,448.6569254254067,0.29347102564180877,2.919991133263053,0.0029195238920688305,107.50496689290019,0.1493221363857075,0.44517879964583335,120.0,119.32266144303253,12900.596027148022
135,1.0,51134,448.5,2.92,107.5,120.0,COMPLETE,NONE,421.5,101.43664616619829,101.28675015581466,448.6576155825607,0.29267951808428505,2.9199507339990354,0.0029673169302813626,107.49623773560036,0.14850681154543902,0.44520015820833336,120.0,119.32300901108574,12899.548528272044
136,1.0,51135,448.5,2.92,107.5,120.0,COMPLETE,NONE,420.5,99.80852884693745,100.03475028341381,448.6615481376808,0.3023159042133336,2.9199978346846414,0.0029954678948979027,107.49912325318971,0.14745266561508438,0.44517752747916656,120.0,119.32499254046519,12899.894790382765
137,1.0,51136,448.5,2.92,107.5,120.0,COMPLETE,NONE,420.5,100.26006631848271,100.77748505298527,448.66037666321677,0.2962097210541961,2.9199951233617374,0.003138476448729404,107.50108541778285,0.15209762891682566,0.4452053032708333,120.0,119.32440095269001,12900.130250133941
138,1.0,51137,448.5,2.92,107.5,120.0,COMPLETE,NONE,421.5,101.26494197528876,101.18378926587489,448.6557636735123,0.2949003051382928,2.9200019367752645,0.0030862441507240345,107.49847404967072,0.14341373515249947,0.44518718120833334,120.0,119.32207639910996,12899.816885960487
139,1.0,51138,448.5,2.92,107.5,120.0,COMPLETE,NONE,421.25,99.88692287955341,100.05130075005319,448.6521049770137,0.2787210386799584,2.9199485190034125,0.003045196879277174,107.49828939739186,0.1523043351213051,0.4452296471041667,120.0,119.32022957270158,12899.794727687024
140,1.0,51139,448.5,2.92,107.5,120.0,COMPLETE,NONE,420.75,100.35642619568121,100.27148249723811,448.65679988034196,0.2914317448337137,2.919980138206741,0.003045327838067476,107.50798328911122,0.14978518461963258,0.44521802800000004,120.0,119.32259775052583,12900.957994693346
141,1.0,51140,448.5,2.92,107.5,120.0,COMPLETE,NONE,420.5,100.70453876455684,101.03666263695642,448.6661744602342,0.30201262134138446,2.9200203164978022,0.003035603320053403,107.49798302314379,0.15632697586479788,0.4451463852291667,120.0,119.3273234812331,12899.757962777254
142,1.0,51141,448.5,2.92,107.5,120.0,COMPLETE,NONE,422.25,100.23137750803166,100.1265014595617,448.6491628921589,0.28350467527273704,2.9199575133343845,0.003101093932783426,107.49949463066845,0.1592012218754056,0.44520862993750004,120.0,119.31874819360584,12899.939355680213
143,1.0,51142,448.5,2.92,107.5,120.0,COMPLETE,NONE,422.75,100.64568852623682,100.76937019221415,448.65005599466923,0.2792217279768075,2.9200101200189432,0.003015526820126404,107.51958362258698,0.14873578687042466,0.44522191466666666,120.0,119.31919729894565,12902.350034710438
144,1.0,51143,448.5,2.92,107.5,120.0,COMPLETE,NONE,419.5,101.32696187230256,101.06816220608319,448.6652978957992,0.3033820489833637,2.919999919941325,0.003079433115130289,107.50664775288446,0.15263194737148186,0.4451851464166667,120.0,119.32688211907085,12900.797730346136
145,1.0,51144,448.5,2.92,107.5,120.0,COMPLETE,NONE,422.0,101.25632460959515,101.23189086693779,448.65593713808215,0.2855130855462768,2.9199781564400564,0.0031103877074894625,107.50569390461888,0.1517827994433941,0.4451840217083333,120.0,119.32216180942154,12900.683268554265
146,1.0,51145,448.5,2.92,107.5,120.0,COMPLETE,NONE,419.75,99.25465251442408,99.46853115767783,448.67176405530955,0.3159014772519505,2.9200174410756876,0.002975737852571934,107.49520526732691,0.14567087157534636,0.4451421781458333,120.0,119.3301429970083,12899.42463207923
147,1.0,51146,448.5,2.92,107.5,120.0,COMPLETE,NONE,422.5,98.92632366865239,99.50479414804809,448.6438078782789,0.27414669034433836,2.919973496567108,0.002994038890855535,107.50835688306924,0.14552253034270937,0.44526934879166663,120.0,119.31604819156914,12901.00282596831
148,1.0,51147,448.5,2.92,107.5,120.0,COMPLETE,NONE,420.5,100.75963852354792,100.94603141169588,448.66578856322457,0.30128351087900307,2.9200024029653746,0.002962933740292234,107.50289192747762,0.14717364311245026,0.4451434237708334,120.0,119.32712888286355,12900.347031297315
149,1.0,51148,448.5,2.92,107.5,120.0,COMPLETE,NONE,421.5,100.45008012363661,100.61864667676255,448.65606184809405,0.28718700690458177,2.9200015455078803,0.003033588779113155,107.50114789750397,0.15093294380452993,0.44519086345833336,120.0,119.32222499490607,12900.137747700477
150,1.0,51149,448.5,2.92,107.5,120.0,COMPLETE,NONE,421.5,100.29691223073094,100.65951942025673,448.6561893737378,0.2896494655665502,2.919976351469009,0.0030228521672644774,107.49727296483121,0.1506802854873941,0.4451716682083333,120.0,119.32228976946169,12899.672755779746
151,1.0,51150,448.5,2.92,107.5,120.0,COMPLETE,NONE,421.5,99.32384403700605,98.92846314598907,448.65151733719694,0.28520154114309626,2.920010102980688,0.0030329030402915682,107.50834278125986,0.14221619972702643,0.4452276495208333,120.0,119.31993482744636,12901.001133751182
152,1.0,51151,448.5,2.92,107.5,120.0,COMPLETE,NONE,422.5,99.04532355414574,99.14711127430203,448.64648730520304,0.27848476376660436,2.920037080742126,0.0031333580204663766,107.49176411710299,0.1441124815395398,0.4452018805,120.0,119.31739907938248,12899.011694052359
153,1.0,51152,448.5,2.92,107.5,120.0,COMPLETE,NONE,420.25,100.84891958700716,101.30927857913113,448.66510316879896,0.30482246180770894,2.9199812407943284,0.002894779702372306,107.49660246006354,0.14873093726281844,0.44520099372916666,120.0,119.32678432532713,12899.592295207625
154,1.0,51153,448.5,2.92,107.5,120.0,COMPLETE,NONE,420.25,101.17722685697771,101.53075887961445,448.67001721401067,0.3089878582986627,2.9200370301338654,0.0027913174637065373,107.50128215526352,0.159876425404347,0.44512698243750004,120.0,119.32926124907797,12900.153858631624
155,1.0,51154,448.5,2.92,107.5,120.0,COMPLETE,NONE,422.25,100.8213446002204,100.91025056524498,448.65158094736154,0.2788429009701503,2.9200118025920356,0.003009050003876769,107.50016960206882,0.15566057083583307,0.4451971414166667,120.0,119.31996556577282,12900.020352248259
156,1.0,51155,448.5,2.92,107.5,120.0,COMPLETE,NONE,421.5,100.03133531624832,100.14609335520325,448.65272006636604,0.28884032175570395,2.9199543130283057,0.003195006919371633,107.50175576393289,0.15289938799642813,0.4452130127083333,120.0,119.3205415857752,12900.210691671948
157,1.0,51156,448.5,2.92,107.5,120.0,COMPLETE,NONE,421.25,99.19652312662255,98.99083401138529,448.6615838297343,0.2940992556704496,2.919969971813331,0.003105730878306796,107.49905786226276,0.1506081599570253,0.4451438248958334,120.0,119.32500873381576,12899.88694347153
158,1.0,51157,448.5,2.92,107.5,120.0,COMPLETE,NONE,421.0,99.31190901038771,99.02053393427168,448.6559743761564,0.2922624512496402,2.9199710618820394,0.003012674719087435,107.4931916503039,0.14533220881613973,0.44523487987499993,120.0,119.32218199640144,12899.182998036467
159,1.0,51158,448.5,2.92,107.5,120.0,COMPLETE,NONE,420.0,99.84237065426177,99.71387456298831,448.67370581029166,0.3152038524574333,2.9200114673251694,0.0032650165250580213,107.49757015216143,0.15170479577728235,0.44508892314583337,120.0,119.33112121633161,12899.708418259372
160,1.0,51159,448.5,2.92,107.5,120.0,COMPLETE,NONE,419.75,100.48636886842262,100.15584523248286,448.6719887443789,0.3073234406341213,2.9199758338377118,0.003183663407565672,107.48898846653785,0.14784017122832385,0.4451353627083333,120.0,119.33025425794987,12898.678615984541
161,1.0015,51160,448.5,2.92,107.5,120.0,COMPLETE,NONE,421.0,101.5113050550547,101.49856552386807,448.65463848822594,0.28837813834515835,2.919991719788797,0.003059093319996212,107.49792051743297,0.14622451790075683,0.44519077331250007,120.0,119.32150808446856,12899.750462091957
162,1.003,51161,448.5,2.92,107.5,120.0,COMPLETE,NONE,421.0,100.57930725789718,100.30474757550489,448.65902313046234,0.295228013329615,2.9199702877973404,0.0030056892892273545,107.50906877396957,0.14505859905025906,0.44520296833333334,120.0,119.3237187584023,12901.088252876349
163,1.0045,51162,448.5,2.92,107.5,120.0,COMPLETE,NONE,420.25,100.61476317734129,100.54098445918683,448.6622097474871,0.29949145799573923,2.9200142673704828,0.0030626523855273513,107.49746068814153,0.14885939656814992,0.44517268637499996,120.0,119.32532527591944,12899.695282576984
164,1.006,51163,448.5,2.92,107.5,120.0,COMPLETE,NONE,420.75,101.52456324145376,101.96772864641324,448.6608490974127,0.2941985487622304,2.9200372171469753,0.002977363946702703,107.51405210245211,0.1503131469948276,0.44518671368749996,120.0,119.32463855698961,12901.686252294254
165,1.0075,51164,448.5,2.92,107.5,120.0,COMPLETE,NONE,420.5,101.44242369996785,101.51256155522049,448.6606209675399,0.2997582281015562,2.9200061043075167,0.0030252393223649814,107.51204628829788,0.14221558036041987,0.4451845134791667,120.0,119.32452481847781,12901.445554595746
166,1.009,51165,448.5,2.92,107.5,120.0,COMPLETE,NONE,422.75,101.78208756534637,101.3510153508657,448.6427240654073,0.2693191892103434,2.9199797673188215,0.0030288288069116316,107.49586364546889,0.14599923340422316,0.4452797983333333,120.0,119.31550116107195,12899.503637456266
167,1.0105,51166,448.5,2.92,107.5,120.0,COMPLETE,NONE,421.75,101.46151306672695,101.4781738242872,448.6503345225107,0.28686306184025484,2.9200135943249697,0.0030249384565166557,107.49834227241871,0.14436740329726377,0.44522925512499995,120.0,119.31933921649254,12899.801072690245
168,1.012,51167,448.5,2.92,107.5,120.0,COMPLETE,NONE,420.0,101.67215066312258,101.26331176430098,448.663311372207,0.3016500315977447,2.9199389483112737,0.003091308226867751,107.50046649691609,0.15347184286228233,0.445155216125,120.0,119.32588081250961,12900.055979629931
169,1.0135,51168,448.5,2.92,107.5,120.0,COMPLETE,NONE,420.75,101.067258693057,101.10274332900369,448.65903536606345,0.2982974334103863,2.9199823687331854,0.003093233943039902,107.49368209638419,0.14250728518836198,0.4452310773333333,120.0,119.3237255886257,12899.241851566103
170,1.015,51169,448.5,2.92,107.5,120.0,COMPLETE,NONE,421.25,102.42668776265734,102.12073741898756,448.65708999220857,0.2863843984436931,2.920003004778936,0.0030502605452081845,107.494359251059,0.1491957318326534,0.44515439620833336,120.0,119.32274285894056,12899.32311012708
171,1.0165,51170,448.5,2.92,107.5,120.0,COMPLETE,NONE,420.5,102.92703261541871,102.92145279607628,448.6581298515067,0.296580594673358,2.9199958265599224,0.0031018591058231213,107.4907942952296,0.15895457235891738,0.44525016756249997,120.0,119.32326896987261,12898.895315427553
172,1.018,51171,448.5,2.92,107.5,120.0,COMPLETE,NONE,423.25,102.08813501637064,102.31089895186918,448.6434894513267,0.2782783258915432,2.9200077229104933,0.003200986644587485,107.49574501221132,0.15228868310864058,0.44523870347916666,120.0,119.3158885895635,12899.489401465358
173,1.0195,51172,448.5,2.92,107.5,120.0,COMPLETE,NONE,421.0,101.68191143176414,101.37998764888395,448.6586736340902,0.29323344177187827,2.9200043320875313,0.0030371197093372183,107.50225294730595,0.14262022126760604,0.44520064475000004,120.0,119.32354223252446,12900.270353676713
174,1.021,51173,448.5,2.92,107.5,120.0,COMPLETE,NONE,422.0,102.75042036293232,103.01429730185185,448.6493479038796,0.28361731025353154,2.919951946830218,0.0030199321575618025,107.49382838018761,0.14966079254882575,0.4452150732916667,120.0,119.31884143589136,12899.259405622513
175,1.0225,51174,448.5,2.92,107.5,120.0,COMPLETE,NONE,420.75,103.84781625314318,103.85481720927454,448.6641486002948,0.3024406206955124,2.919991366661726,0.0029375112606058653,107.5014812208559,0.1469133388118794,0.44517907300000004,120.0,119.32630283051641,12900.177746502708
176,1.024,51175,448.5,2.92,107.5,120.0,COMPLETE,NONE,421.75,102.53790459462223,102.4631629807489,448.6574790728524,0.29237088359796004,2.9200001407366805,0.002994514093802947,107.50870903164166,0.1408104134017694,0.44515288439583334,120.0,119.32294016528513,12901.045083796998
177,1.0255,51176,448.5,2.92,107.5,120.0,COMPLETE,NONE,422.0,102.73861690128452,102.50534872892723,448.6458427394728,0.2751864797537098,2.9200029524795545,0.003167043079131327,107.50591517602074,0.1475682231656181,0.4452836037916667,120.0,119.31707365155373,12900.709821122487
178,1.027,51177,448.5,2.92,107.5,120.0,COMPLETE,NONE,421.5,102.28743778983949,102.11377958240207,448.65553587729784,0.2861311211105754,2.920014476120938,0.0029871721842930667,107.49561283138904,0.14999661090762267,0.4452136569375,120.0,119.32195976302037,12899.473539766685
179,1.0285,51178,448.5,2.92,107.5,120.0,COMPLETE,NONE,421.25,102.46087160536723,102.64145041455262,448.65752387724507,0.2901311735674129,2.919995481420281,0.0031637333489509365,107.50178715523631,0.14619220352251514,0.4452026914375,120.0,119.32296226247453,12900.214458628358
180,1.03,51179,448.5,2.92,107.5,120.0,COMPLETE,NONE,422.25,103.2528490816225,103.22407950231681,448.64993801442205,0.28276934170798823,2.9199418656351,0.003173456909127456,107.49879835729703,0.14400208242858384,0.445204852125,120.0,119.31913858361341,12899.855802875643
181,1.0315,51180,448.5,2.92,107.5,120.0,COMPLETE,NONE,424.25,102.6958569848609,103.05572711494492,448.6313139120599,0.26182296259590226,2.9199943746323407,0.0030766413047711534,107.50133960421708,0.14109157495676913,0.44527013164583334,120.0,119.30975083940169,12900.16075250605
182,1.033,51181,448.5,2.92,107.5,120.0,COMPLETE,NONE,421.25,103.11576406123157,102.86895367812119,448.6583862595915,0.29739924360281533,2.9200273815634294,0.003033576325736736,107.49979842285875,0.14705827718584313,0.44518232650000006,120.0,119.32339833739447,12899.97581074305
183,1.0345,51182,448.5,2.92,107.5,120.0,COMPLETE,NONE,420.75,104.95476596755418,105.38794394214067,448.6587080518599,0.29775839591140996,2.920017397798438,0.0031625009422208477,107.5028068088779,0.14717327098464364,0.4452090449583333,120.0,119.32356055146144,12900.336817065348
184,1.036,51183,448.5,2.92,107.5,120.0,COMPLETE,NONE,421.25,102.95162286276134,103.11204037312034,448.65985204653384,0.29590248492204196,2.9199985355124882,0.002906921824827575,107.49914969820469,0.14214593691634786,0.4451960904583333,120.0,119.32413655377525,12899.897963784562
185,1.0375,51184,448.5,2.92,107.5,120.0,COMPLETE,NONE,422.0,104.05495015266824,104.27651008666535,448.64660062897036,0.27445006953550516,2.9199777024049207,0.0030597724258114426,107.49809952343234,0.15312842393783388,0.4452710720208334,120.0,119.31745536073655,12899.771942811882
186,1.039,51185,448.5,2.92,107.5,120.0,COMPLETE,NONE,421.75,103.23512206930481,103.05103262546565,448.65306469104854,0.28382586163405626,2.9199488292294395,0.0029398904770144892,107.49850007886273,0.15597569985582804,0.44520308408333337,120.0,119.32071417461323,12899.820009463529
187,1.0405,51186,448.5,2.92,107.5,120.0,COMPLETE,NONE,421.25,104.53466781201134,104.63741891723639,448.6647675862046,0.30039365408764185,2.919993822111389,0.0030456217611275283,107.49432585572276,0.14231790466407743,0.44506475885416663,120.0,119.3266142575376,12899.319102686732
188,1.042,51187,448.5,2.92,107.5,120.0,COMPLETE,NONE,421.75,104.25250966145462,104.56509118747557,448.6535215315822,0.2858750706986472,2.9200292215200165,0.0032702144235413834,107.50234752511707,0.14440659620818866,0.4452357457291667,120.0,119.32094478080913,12900.281703014049
189,1.0435,51188,448.5,2.92,107.5,120.0,COMPLETE,NONE,422.5,103.71721101103925,103.24548045255706,448.6468081128559,0.2798566964157507,2.920013385068607,0.003071439410628749,107.4922271415419,0.14903665612462083,0.44522090733333336,120.0,119.31756099847438,12899.067256985029
190,1.045,51189,448.5,2.92,107.5,120.0,COMPLETE,NONE,421.75,104.643110770687,104.77371729650832,448.6510387133614,0.2831202710036945,2.920005841473643,0.003086766658071683,107.49574878833187,0.14951354992355123,0.44522066810416666,120.0,119.31969324153,12899.489854599824
191,1.0465,51190,448.5,2.92,107.5,120.0,COMPLETE,NONE,423.5,104.80104708855497,104.91150405898105,448.6350349492804,0.26612613329798046,2.9200143961190013,0.0030386351454909726,107.49622870162517,0.15173513105007316,0.4452856561666667,120.0,119.31162645924361,12899.547444195021
192,1.048,51191,448.5,2.92,107.5,120.0,COMPLETE,NONE,422.5,105.24984185452777,105.54960668685304,448.65026808723485,0.2845112812141956,2.9200213345302912,0.003090264380441645,107.49992826164141,0.15299064723851127,0.4451991897083333,120.0,119.31930525131291,12899.99139139697
193,1.0495,51192,448.5,2.92,107.5,120.0,COMPLETE,NONE,422.75,104.69223978750357,104.67362287806218,448.64005352295936,0.26715174190439556,2.919999112277773,0.0030515980670840193,107.50275137098639,0.15987530840865274,0.4452856048333333,120.0,119.31415520788455,12900.330164518367
194,1.051,51193,448.5,2.92,107.5,120.0,COMPLETE,NONE,422.0,105.76494602155074,105.70168711987198,448.653118323302,0.2857230269966978,2.919990056044584,0.002929818147892158,107.50563422566842,0.152318699360091,0.44520320025,120.0,119.32074159235384,12900.67610708021
195,1.0525,51194,448.5,2.92,107.5,120.0,COMPLETE,NONE,423.25,105.86042535744981,105.84848054960025,448.63934212662366,0.26305682946654463,2.9199834340496027,0.002965705476083116,107.48897546288302,0.15794251167728127,0.44522939122916666,120.0,119.31379598451542,12898.677055545963
196,1.054,51195,448.5,2.92,107.5,120.0,COMPLETE,NONE,421.25,106.53444828006147,106.76548789751236,448.6527933014999,0.28174412891364486,2.9200225402230933,0.002978427203121623,107.49202121610027,0.15046588680703366,0.44523425618749995,120.0,119.32057700416163,12899.042545932032
197,1.0555,51196,448.5,2.92,107.5,120.0,COMPLETE,NONE,422.0,105.78468258425758,105.62045493966066,448.6476510292723,0.27929959798639803,2.920020091286827,0.0032443564842670847,107.50349484987784,0.14695137068294897,0.44523852033333333,120.0,119.31798558249454,12900.41938198534
198,1.057,51197,448.5,2.92,107.5,120.0,COMPLETE,NONE,422.5,105.29748741105168,105.69805748992589,448.6431921058242,0.27160333398107483,2.9200400896941745,0.0030297662084761254,107.50538401133508,0.15472323712018873,0.4452402256666667,120.0,119.31573743060451,12900.64608136021
199,1.0585,51198,448.5,2.92,107.5,120.0,COMPLETE,NONE,421.75,104.88153682464086,104.86109093236522,448.65182757006573,0.2948978157809175,2.9199955380946307,0.002933043312681709,107.49611939345529,0.149517735715904,0.44521004397916664,120.0,119.32009319372463,12899.534327214635
200,1.06,51199,448.5,2.92,107.5,120.0,COMPLETE,NONE,421.25,106.77625897121297,106.68591434320629,448.6568991247138,0.2876283232425012,2.9200179010969785,0.0031349609829143606,107.50868348164971,0.15471373996764975,0.4451896579375,120.0,119.32264694926602,12901.042017797965
201,1.0615,51200,448.5,2.92,107.5,120.0,COMPLETE,NONE,422.5,105.74027609717498,105.42297293918139,448.6517280909238,0.28420906393943485,2.9199901780445328,0.0032459996458248175,107.50388492489783,0.14382861862515162,0.4452084205208333,120.0,119.32004080986093,12900.46619098774
202,1.063,51201,448.5,2.92,107.5,120.0,COMPLETE,NONE,427.25,106.25542856884714,105.97136569633004,448.6099644456763,0.23501800664288655,2.919965912812965,0.002979734171659238,107.50768340516454,0.1440394311126229,0.4453520502708333,120.0,119.2989895593371,12900.922008619746
203,1.0645,51202,448.5,2.92,107.5,120.0,COMPLETE,NONE,422.0,106.58265310817605,106.73362699516505,448.6446663537025,0.2768031251236842,2.91998439452024,0.003140780245736148,107.50229752115408,0.144067075673258,0.4452939162291667,120.0,119.31648126268345,12900.275702538489
204,1.066,51203,448.5,2.92,107.5,120.0,COMPLETE,NONE,420.5,106.89842823168401,106.96917830395564,448.6596779650126,0.30020990045792784,2.9199880622261465,0.003177179576410349,107.50687158825568,0.14072365851852178,0.4452054731666667,120.0,119.32404978021742,12900.82459059068
205,1.0675,51204,448.5,2.92,107.5,120.0,COMPLETE,NONE,421.5,107.23300755561824,107.11159225475348,448.6508218930761,0.2802269495865203,2.919997322823954,0.003049324406088437,107.5026725652494,0.14726485754891797,0.44524220658333336,120.0,119.319583401577,12900.320707829927
206,1.069,51205,448.5,2.92,107.5,120.0,COMPLETE,NONE,422.25,107.08360622435477,107.16985062207797,448.6459801063293,0.2826949486772913,2.9199961998415698,0.0030814958230958897,107.50933461174418,0.1545150993458641,0.44523701952083333,120.0,119.31714439477678,12901.120153409302
207,1.0705,51206,448.5,2.92,107.5,120.0,COMPLETE,NONE,423.0,107.0857386008021,106.35185659608857,448.64285286805426,0.2722615269003209,2.9200115598522927,0.0031561374502028622,107.49252335331616,0.15605960484419562,0.4452472178333334,120.0,119.3155666402952,12899.10280239794
208,1.072,51207,448.5,2.92,107.5,120.0,COMPLETE,NONE,422.25,108.43145129711105,108.84832801726257,448.65245930214263,0.28146644404668236,2.9200030851227825,0.0031057638117270776,107.49906072070311,0.14708812202610116,0.4452286919166667,120.0,119.32040866174606,12899.887286484374
209,1.0735,51208,448.5,2.92,107.5,120.0,COMPLETE,NONE,420.5,108.07835322636748,108.328153964362,448.66508189586904,0.3027639351956293,2.9199821481130335,0.003074080523902312,107.49225147102773,0.1424145652610433,0.44515244000000004,120.0,119.32677314863503,12899.070176523328
210,1.075,51209,448.5,2.92,107.5,120.0,COMPLETE,NONE,422.25,108.4867182507992,107.9931790921416,448.64712826498726,0.2749336167996275,2.920018753656667,0.0030629014396553224,107.50097625097357,0.1549529026576203,0.44523038166666673,120.0,119.31772130591166,12900.117150116828
211,1.0765,51210,448.5,2.92,107.5,120.0,COMPLETE,NONE,421.25,106.63747418589523,106.46586187469075,448.6574485951216,0.2879460226761766,2.9199866820944504,0.0030992019011650503,107.49920805711008,0.15350338365958738,0.445197674125,120.0,119.32292386999677,12899.90496685321
212,1.078,51211,448.5,2.92,107.5,120.0,COMPLETE,NONE,423.25,108.75740986090771,108.93594963044922,448.63367267245326,0.2537838814715738,2.9199967924829404,0.002855676951706314,107.49668614747037,0.14661322563530682,0.44530083233333334,120.0,119.31093774995017,12899.602337696444
213,1.0795,51212,448.5,2.92,107.5,120.0,COMPLETE,NONE,421.75,109.117829893572,109.11697969635108,448.65321681476695,0.2819471595598798,2.920036029131214,0.0031799140760039456,107.50557483982284,0.14854050005785444,0.4452153431666667,120.0,119.32079043274972,12900.66898077874
214,1.081,51213,448.5,2.92,107.5,120.0,COMPLETE,NONE,421.5,106.73110708380494,106.4646389619773,448.6495011844362,0.28276851537087944,2.9199730194621547,0.003011619433770913,107.49637100416247,0.147256667832589,0.4452306550833333,120.0,119.31891849118458,12899.564520499496
215,1.0825,51214,448.5,2.92,107.5,120.0,COMPLETE,NONE,421.75,109.8972829942394,110.0388456003947,448.6512979433811,0.28421224125480116,2.9199867347820896,0.0029496276631979946,107.49640305337856,0.1537665657066409,0.4452136732083333,120.0,119.3198240805375,12899.568366405427
216,1.084,51215,448.5,2.92,107.5,120.0,COMPLETE,NONE,422.0,108.92677450764354,108.62676216995558,448.64927052131424,0.282309101736832,2.9200054410325875,0.003079887670241499,107.50471512455103,0.14918016192079342,0.4452350932291667,120.0,119.31880217653767,12900.565814946123
217,1.0855,51216,448.5,2.92,107.5,120.0,COMPLETE,NONE,422.0,108.57767031422048,108.29199882750945,448.651616448383,0.2805703106748094,2.919982963396016,0.002960283666986307,107.5044459757052,0.1516430442296989,0.44518990816666665,120.0,119.31998380551187,12900.533517084623
218,1.087,51217,448.5,2.92,107.5,120.0,COMPLETE,NONE,421.75,108.84376142432747,108.69890896571461,448.6529582365878,0.2849467502960947,2.919994885109111,0.003186010422050176,107.49066470576138,0.1506805552250887,0.4451478053125,120.0,119.32066076960612,12898.879764691364
219,1.0885,51218,448.5,2.92,107.5,120.0,COMPLETE,NONE,421.75,109.1100160664711,109.00629751416916,448.6555525968707,0.2843919357036119,2.920028390382103,0.003032731670396866,107.49391185158733,0.15486191180415987,0.4452053250208333,120.0,119.32196782430395,12899.269422190479
220,1.09,51219,448.5,2.92,107.5,120.0,COMPLETE,NONE,421.25,109.00904481978746,109.00656251602666,448.6544721914043,0.28941901646116686,2.920003512406363,0.003068728658514781,107.50550346134541,0.1537485987978568,0.44521001493750006,120.0,119.32142451414926,12900.66041536145
221,1.0915,51220,448.5,2.92,107.5,120.0,COMPLETE,NONE,422.25,109.78106039369146,109.794382464264,448.65172918010455,0.2848633452480853,2.9200034666666093,0.0031788878171769763,107.49215801037366,0.14523424196054743,0.44520043512499996,120.0,119.32004149459522,12899.058961244838
222,1.093,51221,448.5,2.92,107.5,120.0,COMPLETE,NONE,421.75,110.28394159523765,110.25692776594009,448.65058492050196,0.28668151628099936,2.919993384047295,0.002948026744889145,107.5070833455642,0.1480607575720022,0.4452083664791667,120.0,119.31946534103812,12900.850001467703
223,1.0945,51222,448.5,2.92,107.5,120.0,COMPLETE,NONE,421.25,108.30985472092527,108.51606415712243,448.655943961975,0.2855522147394642,2.920032479888432,0.0030996404669687457,107.49748005329587,0.1508938684430998,0.44523065912500004,120.0,119.32216525661897,12899.697606395504
224,1.096,51223,448.5,2.92,107.5,120.0,COMPLETE,NONE,419.5,108.47593388088904,108.50041584349614,448.6712810024283,0.307737630928056,2.919961200024419,0.0031252457356795603,107.49727485981582,0.1469926920223769,0.44515372393749997,120.0,119.32989774353038,12899.672983177898
225,1.0975,51224,448.5,2.92,107.5,120.0,COMPLETE,NONE,421.75,109.88003538096693,109.45395340218936,448.6511142875086,0.28564514795455415,2.9199703386191667,0.003156182960544699,107.48624486675196,0.1490675133683087,0.4452005201458333,120.0,119.31973184548136,12898.349384010235
226,1.099,51225,448.5,2.92,107.5,120.0,COMPLETE,NONE,421.0,110.92143044166653,110.92300221203065,448.6587272820619,0.29782396675074757,2.9199719185542707,0.0030365218992516683,107.50703347413858,0.15213335236505982,0.44520339099999995,120.0,119.32357025412139,12900.84401689663
227,1.1005,51226,448.5,2.92,107.5,120.0,COMPLETE,NONE,421.0,110.08927792337965,110.17626241525176,448.6558885566864,0.28861394295914755,2.9200196021158367,0.0030630113249134356,107.49985332937939,0.14865870877878423,0.44519785458333333,120.0,119.32213798274415,12899.982399525526
228,1.102,51227,448.5,2.92,107.5,120.0,COMPLETE,NONE,421.25,110.75948376516848,110.63829475880155,448.6570909796779,0.29521571578642464,2.919945546046492,0.0031947769585993595,107.50006352830225,0.14019869093410764,0.44518603597916667,120.0,119.32274523274327,12900.00762339627
229,1.1035,51228,448.5,2.92,107.5,120.0,COMPLETE,NONE,421.0,110.85595489673757,110.8209341852157,448.6609790983065,0.2988671688817165,2.920017261158832,0.003066745725580083,107.4986986721694,0.15069174908192637,0.44519669064583334,120.0,119.32470507074402,12899.843840660327
230,1.105,51229,448.5,2.92,107.5,120.0,COMPLETE,NONE,425.5,110.6987975496639,110.74853682392737,448.6230604064418,0.24891011736430899,2.9199728028677896,0.0031170007288195806,107.50389633240866,0.14819011977352858,0.44526688374999995,120.0,119.30559006112867,12900.467559889039
231,1.1065,51230,448.5,2.92,107.5,120.0,COMPLETE,NONE,420.0,112.37840568428018,112.24671090803554,448.6745648519148,0.31650450483353,2.920017377233074,0.003095210764523711,107.48651630409073,0.14868908406436457,0.44508432195833336,120.0,119.33155435668402,12898.381956490888
232,1.108,51231,448.5,2.92,107.5,120.0,COMPLETE,NONE,421.0,110.91975287238945,110.79981002629158,448.6580835016224,0.2962825816369581,2.919986800914287,0.003173177380910748,107.50292397462613,0.13865309468885573,0.445179364375,120.0,119.32324554979307,12900.350876955135
233,1.1095,51232,448.5,2.92,107.5,120.0,COMPLETE,NONE,421.5,110.04241053325318,109.68580964280204,448.6552573936854,0.29687122985058284,2.9199861787490033,0.003173202307289034,107.50054600911544,0.15407718022149466,0.4452400758333333,120.0,119.32182173722796,12900.065521093853
234,1.111,51233,448.5,2.92,107.5,120.0,COMPLETE,NONE,421.75,111.25325997211758,111.14956147056095,448.65575081312517,0.28915191897740833,2.920013128314568,0.003250752999955226,107.5049390042903,0.14711432479679631,0.44524655025000004,120.0,119.32206869525275,12900.592680514837
235,1.1125,51234,448.5,2.92,107.5,120.0,COMPLETE,NONE,422.75,110.68395010154966,110.80827850687162,448.6444172573219,0.2751524276021389,2.9200097360701176,0.0031155148752484044,107.51381314908,0.1476813496235688,0.4452537844166667,120.0,119.3163554242254,12901.657577889599
236,1.114,51235,448.5,2.92,107.5,120.0,COMPLETE,NONE,423.0,111.50749078166187,111.09815516094324,448.6401545935198,0.2654044443668641,2.9199728947626493,0.00316965096006625,107.50441379504959,0.14654903315944665,0.4452484630625,120.0,119.31420579186903,12900.52965540595
237,1.1155,51236,448.5,2.92,107.5,120.0,COMPLETE,NONE,421.25,111.17751761590534,110.68856637120122,448.653483744558,0.2835176506374055,2.9200326240915815,0.003093938766603331,107.5087208448821,0.1534623246703893,0.44523973583333337,120.0,119.32092525039012,12901.046501385852
238,1.117,51237,448.5,2.92,107.5,120.0,COMPLETE,NONE,421.25,111.70657279204016,111.51339787192401,448.65865483388603,0.29513662650015127,2.919986420858736,0.0030582712796302894,107.49929729797172,0.148647586085631,0.44516590268750006,120.0,119.32353316817313,12899.915675756607
239,1.1185,51238,448.5,2.92,107.5,120.0,COMPLETE,NONE,421.75,113.71727906220245,113.40510356526747,448.6560466797859,0.28964876926735805,2.9199917289200377,0.003008794715432729,107.48911567191516,0.14909120453137706,0.4451824983125,120.0,119.3222178708987,12898.693880629819
240,1.12,51239,448.5,2.92,107.5,120.0,COMPLETE,NONE,422.25,112.20956870720268,112.14980049875557,448.6471358674281,0.28059119907773533,2.9199974694570865,0.003043961251758585,107.49476174878924,0.1458728507041717,0.4452465424791667,120.0,119.31772628552497,12899.37140985471
241,1.1215,51240,448.5,2.92,107.5,120.0,COMPLETE,NONE,421.0,112.55677572335189,112.14693349671107,448.65499642534024,0.2828185313947406,2.920020967159339,0.00308285052113019,107.49466139643349,0.14900888107009502,0.44518458945833334,120.0,119.32168727086693,12899.359367572019
242,1.123,51241,448.5,2.92,107.5,120.0,COMPLETE,NONE,421.75,111.1327710443358,111.09283642185376,448.6520642582118,0.27830805324923064,2.9199641975087482,0.002984332642916076,107.50122448563619,0.15183848541803097,0.44519504887499994,120.0,119.32020897284364,12900.146938276343
243,1.1245,51242,448.5,2.92,107.5,120.0,COMPLETE,NONE,420.5,114.12000452635432,114.2339670043665,448.6627111135779,0.2971700504416557,2.9199764320709187,0.0031177512024027775,107.49690503291474,0.1496595358765891,0.4451656104583333,120.0,119.32557738604793,12899.628603949768
244,1.126,51243,448.5,2.92,107.5,120.0,COMPLETE,NONE,421.0,112.82181678517526,112.96851154835892,448.65683875186846,0.28997727134411594,2.9199941927577084,0.003233774163961892,107.5029363300652,0.15351546801229207,0.44520786689583336,120.0,119.3226170272439,12900.352359607823
245,1.1275,51244,448.5,2.92,107.5,120.0,COMPLETE,NONE,420.25,110.67447858429355,110.52347300403518,448.6651495493371,0.29966840068277084,2.9200077343575384,0.0030103817368502014,107.51433054276518,0.14500972784002103,0.44518914683333327,120.0,119.32680655514808,12901.71966513182
246,1.129,51245,448.5,2.92,107.5,120.0,COMPLETE,NONE,421.25,113.2440624111336,113.36711334351415,448.6602637459655,0.301562152636383,2.9200104764612056,0.003148317063062079,107.50459627552848,0.15604094074310867,0.4451963397916667,120.0,119.32434522931533,12900.551553063418
247,1.1305,51246,448.5,2.92,107.5,120.0,COMPLETE,NONE,421.25,114.84732942336596,114.5911700525595,448.6553137886836,0.2801139712805983,2.9199672171109694,0.0029908567357929136,107.49601673576308,0.1561903000221084,0.445244610875,120.0,119.32184661772254,12899.52200829157
248,1.1320000000000001,51247,448.5,2.92,107.5,120.0,COMPLETE,NONE,422.75,112.6351619431314,112.19220584516361,448.6446107967518,0.2718260071574045,2.919979438032263,0.0030988624829666337,107.488061599368,0.143719066734515,0.445244223625,120.0,119.3164522730918,12898.56739192416
249,1.1335,51248,448.5,2.92,107.5,120.0,COMPLETE,NONE,421.0,113.04491481943447,113.19581904583653,448.6560423905709,0.2862857406496604,2.919977784635923,0.0030821485590704486,107.50419999788296,0.1521000387614423,0.4451814747083334,120.0,119.32221500190562,12900.503999745955
250,1.135,51249,448.5,2.92,107.5,120.0,COMPLETE,NONE,421.75,113.55423539158855,113.66545439618596,448.65307040202725,0.2809592712908532,2.9200259966717352,0.0030639364474446982,107.5066164452457,0.15354798774958506,0.4452138869166667,120.0,119.32071645959238,12900.793973429483
251,1.1365,51250,448.5,2.92,107.5,120.0,COMPLETE,NONE,423.5,113.69279904953078,113.58696214796801,448.6399814947507,0.2644015440746599,2.9199940013988632,0.003176043875712405,107.5017502262877,0.14455654928471087,0.4452933699791667,120.0,119.3141183828452,12900.210027154524
252,1.138,51251,448.5,2.92,107.5,120.0,COMPLETE,NONE,421.0,114.06757259167864,113.82832882265274,448.66272628546665,0.3000983395493866,2.919997176497901,0.0028796975158352327,107.49439669512505,0.14496150797654064,0.44516384950000004,120.0,119.3255856696556,12899.327603415006
253,1.1395,51252,448.5,2.92,107.5,120.0,COMPLETE,NONE,420.75,114.20450532155306,114.06245998409028,448.6620507554088,0.29697240671292663,2.9199984745398653,0.00300227993136501,107.49444743441228,0.14591996960900247,0.4451960813125,120.0,119.32524461732848,12899.333692129474
254,1.141,51253,448.5,2.92,107.5,120.0,COMPLETE,NONE,421.5,116.41436867438031,116.64497049491567,448.6579496077613,0.29217799657274257,2.9200021636681743,0.003037331941259529,107.49208218305843,0.14663964909716828,0.4451953217916667,120.0,119.32317720340225,12899.04986196701
255,1.1425,51254,448.5,2.92,107.5,120.0,COMPLETE,NONE,425.25,114.18828110065738,114.50413534276703,448.6246813155513,0.24717469644609377,2.9200181885977363,0.002995468014412871,107.50603786456342,0.1508406222473623,0.4453263173125,120.0,119.3064064053285,12900.72454374761
256,1.1440000000000001,51255,448.5,2.92,107.5,120.0,COMPLETE,NONE,421.0,115.26035395695523,115.26635959149105,448.65984907367357,0.2908279590535062,2.9199729442087667,0.0030045591814963682,107.49487229052993,0.15649390353529039,0.4451945638125,120.0,119.32413396855102,12899.384674863591
257,1.1455,51256,448.5,2.92,107.5,120.0,COMPLETE,NONE,421.5,115.31203083824569,115.10857767933868,448.6570608853825,0.28844555079495887,2.9199919988885323,0.0028807599045324005,107.50077064630494,0.15295900579479743,0.4451475682291666,120.0,119.32272862593113,12900.092477556593
258,1.147,51257,448.5,2.92,107.5,120.0,COMPLETE,NONE,420.75,113.97525552634337,113.88698870017814,448.6630439700421,0.304498529364454,2.920029548943352,0.003030529654957935,107.5047975449795,0.157301261253305,0.44519662641666663,120.0,119.32574670931862,12900.57570539754
259,1.1485,51258,448.5,2.92,107.5,120.0,COMPLETE,NONE,424.75,116.81150502175325,116.73200414663971,448.62622776488473,0.24934360765301905,2.9200188788209838,0.003098613162430642,107.4936897880501,0.14950547876749315,0.44531663729166665,120.0,119.30718594521194,12899.242774566013
260,1.15,51259,448.5,2.92,107.5,120.0,COMPLETE,NONE,421.5,115.8367182825344,115.65641237554374,448.65254978569476,0.288524725555443,2.9200430673505346,0.0030345465153646138,107.51621606285535,0.15044390136045668,0.4452058164166666,120.0,119.32045572357728,12901.945927542642
