time_s,temperature_c,pressure_torr,flow_sccm,truth_temperature_c,truth_thickness_nm,state,fault,heater,throttle,flow_command,precursor
0.0,25.04481183062627,4.999177586433913,0.0,25.0,0.0,PUMP_DOWN,NONE,0.0,1.0,0.0,False
0.25,24.93179938222424,4.411859635206296,0.009021540389615772,25.0,0.0,PUMP_DOWN,NONE,0.0,1.0,0.0,False
0.5,25.20103228683318,3.8969512801399433,0.0,25.0,0.0,PUMP_DOWN,NONE,0.0,1.0,0.0,False
0.75,25.07347630752778,3.4437712694035234,0.01581213734968478,25.0,0.0,PUMP_DOWN,NONE,0.0,1.0,0.0,False
1.0,24.86042979329377,3.0404349299015263,0.10429547916874317,25.0,0.0,PUMP_DOWN,NONE,0.0,1.0,0.0,False
1.25,24.798367817907238,2.6842290667414526,0.0,25.0,0.0,PUMP_DOWN,NONE,0.0,1.0,0.0,False
1.5,24.806569339032254,2.3668602275368795,0.0,25.0,0.0,PUMP_DOWN,NONE,0.0,1.0,0.0,False
1.75,24.809883027783446,2.0967866510754383,0.023512662993633773,25.0,0.0,PUMP_DOWN,NONE,0.0,1.0,0.0,False
2.0,24.971960358305505,1.8444893379013227,0.0,25.0,0.0,PUMP_DOWN,NONE,0.0,1.0,0.0,False
2.25,24.99272485818984,1.6371092144025932,0.0,25.0,0.0,PUMP_DOWN,NONE,0.0,1.0,0.0,False
2.5,24.92833700859491,1.4438583311295783,0.0,25.0,0.0,PUMP_DOWN,NONE,0.0,1.0,0.0,False
2.75,25.159134793507913,1.2767185830816432,0.0,25.0,0.0,PUMP_DOWN,NONE,0.0,1.0,0.0,False
3.0,25.132658480107477,1.1294373962409519,0.0,25.0,0.0,PUMP_DOWN,NONE,0.0,1.0,0.0,False
3.25,25.016569621487424,1.0008114878396526,0.0,25.0,0.0,PUMP_DOWN,NONE,0.0,1.0,0.0,False
3.5,25.01142103455655,0.8894707086484424,0.0,25.0,0.0,PUMP_DOWN,NONE,0.0,1.0,0.0,False
3.75,25.12890740320324,0.7840657969648345,0.0,25.0,0.0,PUMP_DOWN,NONE,0.0,1.0,0.0,False
4.0,25.300062481951365,0.6962564896545862,0.0,25.0,0.0,PUMP_DOWN,NONE,0.0,1.0,0.0,False
4.25,25.01117743431572,0.6165062507192751,0.0,25.0,0.0,PUMP_DOWN,NONE,0.0,1.0,0.0,False
4.5,25.10243654007928,0.5446885863576368,0.10008713412514918,25.0,0.0,PUMP_DOWN,NONE,0.0,1.0,0.0,False
4.75,25.215778388748422,0.4811851695160879,0.030470791558441353,25.0,0.0,PUMP_DOWN,NONE,0.0,1.0,0.0,False
5.0,24.930503863519238,0.4291650983806941,0.0,25.0,0.0,PUMP_DOWN,NONE,0.0,1.0,0.0,False
5.25,24.9131047605246,0.3801614021121594,0.13481458081506115,25.0,0.0,PUMP_DOWN,NONE,0.0,1.0,0.0,False
5.5,25.17178330111812,0.3343901654319515,0.0,25.0,0.0,PUMP_DOWN,NONE,0.0,1.0,0.0,False
5.75,25.097035513386015,0.29497511537628823,0.0,25.0,0.0,PUMP_DOWN,NONE,0.0,1.0,0.0,False
6.0,24.985406961149486,0.27171064540382334,0.10341058508561334,25.0,0.0,PUMP_DOWN,NONE,0.0,1.0,0.0,False
6.25,24.95091798696667,0.23770020176226944,0.0,25.0,0.0,PUMP_DOWN,NONE,0.0,1.0,0.0,False
6.5,25.228529410068425,0.21181148017425735,0.0,25.0,0.0,PUMP_DOWN,NONE,0.0,1.0,0.0,False
6.75,25.05288836009279,0.19004391785683783,0.0,25.0,0.0,PUMP_DOWN,NONE,0.0,1.0,0.0,False
7.0,24.83288992852734,0.1703484050390308,0.0,25.0,0.0,PUMP_DOWN,NONE,0.0,1.0,0.0,False
7.25,25.174919166428534,0.1546717702431541,0.0,25.0,0.0,PUMP_DOWN,NONE,0.0,1.0,0.0,False
7.5,25.1002571534901,0.13609876570778617,0.15781895376404204,25.0,0.0,HEAT,NONE,1.0,0.0,100.0,False
7.75,27.96330622220148,0.18228526691435937,26.644803118537297,27.964116156302225,0.0,HEAT,NONE,1.0,0.0,100.0,False
8.0,30.970985915106752,0.24939787466332056,46.168557806359985,30.918983907774987,0.0,HEAT,NONE,1.0,0.0,100.0,False
8.25,33.81896057891536,0.34759259018650907,60.864045251676934,33.864632110572074,0.0,HEAT,NONE,1.0,0.0,100.0,False
8.5,37.137803024785555,0.45923596009433776,71.2559287760144,36.801089530812646,0.0,HEAT,NONE,1.0,0.0,100.0,False
8.75,39.75919543677174,0.5856573982408566,79.01240037500435,39.728384844862035,0.0,HEAT,NONE,1.0,0.0,100.0,False
9.0,42.615657090073775,0.716379816313406,84.74248946106223,42.646546639611756,0.0,HEAT,NONE,1.0,0.0,100.0,False
9.25,45.40055203794779,0.8493204216133459,88.78560397526483,45.55560341275884,0.0,HEAT,NONE,1.0,0.0,100.0,False
9.5,48.29741087977655,0.9890221127059675,91.66280666603363,48.45558357308391,0.0,HEAT,NONE,1.0,0.0,100.0,False
9.75,51.49232544691637,1.129597194220021,94.00792918333455,51.34651544072881,0.0,HEAT,NONE,1.0,0.0,100.0,False
10.0,54.13977299454462,1.27057866526436,95.3066446937232,54.228427247473064,0.0,HEAT,NONE,1.0,0.00640583,100.0,False
10.25,56.931636016431035,1.4134011300237843,96.46622021103907,57.1013471370095,0.0,HEAT,NONE,1.0,0.01436586,100.0,False
10.5,60.09229444344139,1.5469518132507651,97.76173618979873,59.96530316521921,0.0,HEAT,NONE,1.0,0.02211065,100.0,False
10.75,62.69349874551379,1.6923422943858075,98.29904763855258,62.82032330044569,0.0,HEAT,NONE,1.0,0.03475108,100.0,False
11.0,65.43591018272383,1.8280382265252737,98.95744184908499,65.66643542376755,0.0,HEAT,NONE,1.0,0.04712404,100.0,False
11.25,68.49379659337099,1.9537492322370222,99.05505179470758,68.50366732927102,0.0,HEAT,NONE,1.0,0.05904629,100.0,False
11.5,71.18577387590476,2.083796580390938,99.24477151033192,71.33204672432157,0.0,HEAT,NONE,1.0,0.07393352,100.0,False
11.75,74.14392266793048,2.198603005027398,99.41313030188746,74.15160122983423,0.0,HEAT,NONE,1.0,0.08700276,100.0,False
12.0,76.7706996077957,2.319871234710234,99.61623055041751,76.96235838054338,0.0,HEAT,NONE,1.0,0.10342363,100.0,False
12.25,79.90923386808095,2.4246963822907874,99.63197767513536,79.76434562527163,0.0,HEAT,NONE,1.0,0.11761332,100.0,False
12.5,82.50858753819755,2.525295367092451,99.80814845125495,82.55759032719789,0.0,HEAT,NONE,1.0,0.13238002,100.0,False
12.75,85.28582973817319,2.6217758991736884,99.65197875567671,85.34211976412473,0.0,HEAT,NONE,1.0,0.14768746,100.0,False
13.0,87.9969342396013,2.7163761126699266,99.79598525369747,88.11796112874447,0.0,HEAT,NONE,1.0,0.16402651,100.0,False
13.25,90.72702746076162,2.7937423534981556,100.13549315975465,90.88514152890514,0.0,HEAT,NONE,1.0,0.17757149,100.0,False
13.5,93.42558434250255,2.866793539378741,99.84988367989497,93.64368798787473,0.0,HEAT,NONE,1.0,0.19128772,100.0,False
13.75,96.12947452345628,2.9375896843313316,99.95601889528415,96.39362744460539,0.0,HEAT,NONE,1.0,0.20561393,100.0,False
14.0,99.14570303064038,2.9941607911821433,100.03861315144384,99.13498675399649,0.0,HEAT,NONE,1.0,0.21755106,100.0,False
14.25,101.7868980847338,3.050932414340254,99.81210178603509,101.8677926871569,0.0,HEAT,NONE,1.0,0.23047033,100.0,False
14.5,104.40965651763506,3.1039385578429552,99.90808816180764,104.59207193166628,0.0,HEAT,NONE,1.0,0.24337833,100.0,False
14.75,107.35160314528906,3.1421171531400476,99.92223494138184,107.30785109183569,0.0,HEAT,NONE,1.0,0.25348119,100.0,False
15.0,109.93896254341705,3.181220222463291,99.94623803579526,110.01515668896764,0.0,HEAT,NONE,1.0,0.26447081,100.0,False
15.25,112.69129861438914,3.2111264300544162,100.1702708133852,112.71401516161484,0.0,HEAT,NONE,1.0,0.27384158,100.0,False
15.5,115.50652951203347,3.23927731567009,99.91092429802076,115.4044528658385,0.0,HEAT,NONE,1.0,0.28330255,100.0,False
15.75,117.87920076746471,3.263486359909837,100.1416455403164,118.08649607546567,0.0,HEAT,NONE,1.0,0.29227639,100.0,False
16.0,120.73906472247754,3.2805311017079353,100.11478637495688,120.76017098234604,0.0,HEAT,NONE,1.0,0.29990474,100.0,False
16.25,123.55018136450691,3.296337708102873,99.92987946560626,123.42550369660717,0.0,HEAT,NONE,1.0,0.30754888,100.0,False
16.5,126.30976619430983,3.3010276321485423,100.12795773178364,126.08252024691012,0.0,HEAT,NONE,1.0,0.31273992,100.0,False
16.75,128.80533639255793,3.31615480658988,100.2808996118391,128.73124658070333,0.0,HEAT,NONE,1.0,0.32065049,100.0,False
17.0,131.59437538548266,3.315522924130613,99.74600303248748,131.37170856447585,0.0,HEAT,NONE,1.0,0.32492743,100.0,False
17.25,134.12646534286833,3.3194941788224446,99.99762981860796,134.00393198401025,0.0,HEAT,NONE,1.0,0.3303952,100.0,False
17.5,136.75390166618516,3.3189822292127826,99.68313026653638,136.62794254463438,0.0,HEAT,NONE,1.0,0.33485489,100.0,False
17.75,139.28266072452266,3.3236925675174067,99.96285689152228,139.24376587147208,0.0,HEAT,NONE,1.0,0.34063946,100.0,False
18.0,141.85720772425938,3.318483210609864,99.77277636553914,141.85142750969385,0.0,HEAT,NONE,1.0,0.34406566,100.0,False
18.25,144.42595469713413,3.31449858796608,99.75333186380325,144.45095292476617,0.0,HEAT,NONE,1.0,0.3477575,100.0,False
18.5,147.118219663409,3.312382007637954,100.06087251009392,147.04236750270002,0.0,HEAT,NONE,1.0,0.35188056,100.0,False
18.75,149.47730230908516,3.3044503390299997,99.8500654310229,149.62569655029904,0.0,HEAT,NONE,1.0,0.35455494,100.0,False
19.0,152.06796901534767,3.3001807122559006,99.88249665747239,152.20096529540638,0.0,HEAT,NONE,1.0,0.35804458,100.0,False
19.25,154.8216088304745,3.292832329944056,100.30373233614222,154.76819888715147,0.0,HEAT,NONE,1.0,0.36072419,100.0,False
19.5,157.11850403931516,3.2860959678071873,99.98654621548468,157.32742239619517,0.0,HEAT,NONE,1.0,0.3634642,100.0,False
19.75,159.87655635545522,3.2701154018410503,99.93094854779943,159.87866081497486,0.0,HEAT,NONE,1.0,0.36383356,100.0,False
20.0,162.53341864746523,3.265567600671378,100.01214178179038,162.42193905794863,0.0,HEAT,NONE,1.0,0.36682071,100.0,False
20.25,164.91367445974817,3.25997407841778,99.99676713563647,164.95728196183825,0.0,HEAT,NONE,1.0,0.36948025,100.0,False
20.5,167.15465193499955,3.244633629381049,99.70467174468975,167.48471428587186,0.0,HEAT,NONE,1.0,0.3696505,100.0,False
20.75,169.51654494970134,3.2357583097792446,100.20002756545443,170.00426071202583,0.0,HEAT,NONE,1.0,0.37121215,100.0,False
21.0,172.5230138311854,3.2243831488392876,99.85889032860561,172.51594584526583,0.0,HEAT,NONE,1.0,0.3720278,100.0,False
21.25,175.1893861983244,3.219116205709566,100.00719645410538,175.0197942137869,0.0,HEAT,NONE,1.0,0.37419103,100.0,False
21.5,177.5078110009274,3.2091982714079292,100.12080833604242,177.51583026925312,0.0,HEAT,NONE,1.0,0.37511941,100.0,False
21.75,180.08696348163994,3.2003305306590293,99.84356790927527,180.00407838703654,0.0,HEAT,NONE,1.0,0.37616414,100.0,False
22.0,182.56122918119135,3.1883436343632097,100.16407550734408,182.4845628664549,0.0,HEAT,NONE,1.0,0.37630712,100.0,False
22.25,184.76665030775052,3.1811271349029986,99.99889527373492,184.95730793100915,0.0,HEAT,NONE,1.0,0.3774575,100.0,False
22.5,187.2236408960233,3.177899708553078,100.21906029567563,187.42233772861994,0.0,HEAT,NONE,1.0,0.37948091,100.0,False
22.75,189.81013876762213,3.165982876389433,100.05680088411651,189.8796763318635,0.0,HEAT,NONE,1.0,0.37929651,100.0,False
23.0,191.9373138187048,3.15589155258512,99.99079800295081,192.3293477382066,0.0,HEAT,NONE,1.0,0.37939486,100.0,False
23.25,194.78385847326234,3.143792866616392,99.95959766134064,194.77137587024117,0.0,HEAT,NONE,1.0,0.37884988,100.0,False
23.5,197.17904576141015,3.143086554810684,100.0501638529433,197.2057845759175,0.0,HEAT,NONE,1.0,0.38094549,100.0,False
23.75,199.6317643742471,3.1362634488225014,99.91671265973824,199.6325976287775,0.0,HEAT,NONE,1.0,0.38149845,100.0,False
24.0,201.99342418245527,3.118597911154082,100.23536576661694,202.05183872818657,0.0,HEAT,NONE,1.0,0.37926926,100.0,False
24.25,204.6081813547946,3.120349303605808,100.1003346862511,204.46353149956542,0.0,HEAT,NONE,1.0,0.38159522,100.0,False
24.5,206.88422178276997,3.1113214616867806,99.96219895240687,206.8676994946204,0.0,HEAT,NONE,1.0,0.38125793,100.0,False
24.75,209.23382612771525,3.1043946852470117,100.22677438353044,209.26436619157369,0.0,HEAT,NONE,1.0,0.38130861,100.0,False
25.0,211.73690818066382,3.097933335839677,99.91309116082468,211.6535549953926,0.0,HEAT,NONE,1.0,0.3813683,100.0,False
25.25,213.9400394649061,3.097094097708091,100.07600307250857,214.03528923801787,0.0,HEAT,NONE,1.0,0.38271748,100.0,False
25.5,216.4197247623386,3.0852633708918487,99.83364197132595,216.409592178592,0.0,HEAT,NONE,1.0,0.38132359,100.0,False
25.75,218.76645777006556,3.083734655536321,99.9411194005962,218.77648700368604,0.0,HEAT,NONE,1.0,0.38231107,100.0,False
26.0,221.10191044007604,3.075194009751104,100.01643914614365,221.13599682752613,0.0,HEAT,NONE,1.0,0.38152989,100.0,False
26.25,223.24919306040712,3.070439293824378,99.87184066565133,223.48814469221895,0.0,HEAT,NONE,1.0,0.38156176,100.0,False
26.5,225.96564132286176,3.0643582452942115,100.08655700724773,225.83295356797737,0.0,HEAT,NONE,1.0,0.38119051,100.0,False
26.75,228.39911197125312,3.0616159352628562,99.90976355863508,228.17044635334412,0.0,HEAT,NONE,1.0,0.38155253,100.0,False
27.0,230.5293607142847,3.0585288655319207,99.85095754530444,230.50064587541578,0.0,HEAT,NONE,1.0,0.38178,100.0,False
27.25,232.89271280242252,3.060692841776498,99.96128319881188,232.82357489006552,0.0,HEAT,NONE,1.0,0.38325243,100.0,False
27.5,235.1088246527558,3.0473237095630235,100.04786326636419,235.1392560821655,0.0,HEAT,NONE,1.0,0.38090348,100.0,False
27.75,237.2606656321022,3.0439720730699884,100.19195008976051,237.44771206580833,0.0,HEAT,NONE,1.0,0.38085172,100.0,False
28.0,239.61314742561856,3.0475547727331938,100.22865369982405,239.74896538452776,0.0,HEAT,NONE,1.0,0.3824574,100.0,False
28.25,242.08193748014057,3.042597923771979,100.29283764100916,242.04303851151906,0.0,HEAT,NONE,1.0,0.38198663,100.0,False
28.5,244.30044458954842,3.0361232208028364,99.79701533988465,244.32995384985827,0.0,HEAT,NONE,1.0,0.3810704,100.0,False
28.75,246.61598979477318,3.0397750052490675,100.14393930691902,246.60973373272122,0.0,HEAT,NONE,1.0,0.38256513,100.0,False
29.0,248.74108673738874,3.0298334568601146,99.92437431538588,248.88240042360144,0.0,HEAT,NONE,1.0,0.38073798,100.0,False
29.25,251.19181632890192,3.029620141836674,100.03216809166064,251.14797611652762,0.0,HEAT,NONE,1.0,0.38118225,100.0,False
29.5,253.45099384298715,3.0271388660014673,99.99397390864556,253.40648293628033,0.0,HEAT,NONE,1.0,0.38105376,100.0,False
29.75,255.68893179519065,3.025741287608655,100.0755281296657,255.65794293860824,0.0,HEAT,NONE,1.0,0.38115351,100.0,False
30.0,258.1830094764426,3.025800337516043,100.00837158190026,257.90237811044335,0.0,HEAT,NONE,1.0,0.38158793,100.0,False
30.25,259.8868925766114,3.0231756671926875,99.70799823819027,260.1398103701157,0.0,HEAT,NONE,1.0,0.38135365,100.0,False
30.5,262.1589064546442,3.0227479051219235,100.10593525898783,262.3702615675676,0.0,HEAT,NONE,1.0,0.38162334,100.0,False
30.75,264.5712626348143,3.013230816166322,99.94429772244247,264.5937534845666,0.0,HEAT,NONE,1.0,0.37963711,100.0,False
31.0,266.7084970871862,3.019214953637992,100.33865957984663,266.8103078349186,0.0,HEAT,NONE,1.0,0.38135506,100.0,False
31.25,269.0524858378731,3.0133850257492085,99.82441727044171,269.0199462646799,0.0,HEAT,NONE,1.0,0.38022206,100.0,False
31.5,271.2142762102531,3.014076494024723,99.82727212606152,271.2226903523683,0.0,HEAT,NONE,1.0,0.38062254,100.0,False
31.75,273.4360148945279,3.009961280095471,100.16681609075255,273.41856160917405,0.0,HEAT,NONE,1.0,0.37983883,100.0,False
32.0,275.7669790700381,3.0158022466002663,99.9288924294037,275.6075814791699,0.0,HEAT,NONE,1.0,0.3814581,100.0,False
32.25,277.86694942401795,3.010784953022806,99.94167819078596,277.78977133952026,0.0,HEAT,NONE,1.0,0.38046361,100.0,False
32.5,279.91428065211915,3.0063220768455055,99.78342044561305,279.96515250069046,0.0,HEAT,NONE,1.0,0.37954121,100.0,False
32.75,282.25289342528583,3.0090486655926294,100.03246372766718,282.13374620665445,0.0,HEAT,NONE,1.0,0.38033487,100.0,False
33.0,284.4458301933704,3.0035879886206516,99.88238048892617,284.2955736351023,0.0,HEAT,NONE,1.0,0.3791354,100.0,False
33.25,286.47695612416703,3.0095764196945916,99.94343883243879,286.45065589764727,0.0,HEAT,NONE,1.0,0.38069229,100.0,False
33.5,288.7533909249363,3.0081399087880376,99.81799267917505,288.59901404003165,0.0,HEAT,NONE,1.0,0.3804861,100.0,False
33.75,290.60105447593384,3.0091498200552262,100.06957471846783,290.74066904233246,0.0,HEAT,NONE,1.0,0.380865,100.0,False
34.0,292.5907826333154,3.0099142679927375,100.08970405466367,292.8756418191664,0.0,HEAT,NONE,1.0,0.3811944,100.0,False
34.25,295.2054546680484,3.0037920775985727,99.95564406679985,295.0039532198939,0.0,HEAT,NONE,1.0,0.3798319,100.0,False
34.5,296.95665546611025,3.012133009993378,99.97368186618871,297.1256240288229,0.0,HEAT,NONE,1.0,0.38196443,100.0,False
34.75,299.4788049442241,3.0014641179207255,100.02457617884981,299.2406749654118,0.0,HEAT,NONE,1.0,0.37950351,100.0,False
35.0,301.09842381148627,3.0020272046073146,100.14756323625988,301.3491266844718,0.0,HEAT,NONE,1.0,0.37968399,100.0,False
35.25,303.2632382040322,3.0061136358150744,100.05058567237718,303.45099977636835,0.0,HEAT,NONE,1.0,0.38073811,100.0,False
35.5,305.389722128475,3.0007734879039867,99.93114014849414,305.5463147672226,0.0,HEAT,NONE,1.0,0.37951216,100.0,False
35.75,307.62766421842025,3.000495650887396,99.87590681487927,307.6350921191116,0.0,HEAT,NONE,1.0,0.37946941,100.0,False
36.0,309.67166407489117,2.998872684864824,99.80657101410351,309.7173522302684,0.0,HEAT,NONE,1.0,0.37908789,100.0,False
36.25,311.7858889629047,3.0045873596861346,99.77059424423238,311.7931154352808,0.0,HEAT,NONE,1.0,0.38049578,100.0,False
36.5,313.8629282280101,2.999501812240655,99.85342818442979,313.8624020052905,0.0,HEAT,NONE,1.0,0.37930562,100.0,False
36.75,316.0532477960977,2.999835560093821,100.22474525245971,315.9252321481905,0.0,HEAT,NONE,1.0,0.37939048,100.0,False
37.0,317.86465010420085,3.0024626616755907,99.9659075490164,317.9816260088228,0.0,HEAT,NONE,1.0,0.38004395,100.0,False
37.25,319.9185003978061,3.0027642131943475,99.97675261403876,320.03160366917507,0.0,HEAT,NONE,1.0,0.38015459,100.0,False
37.5,322.1656667356838,3.000535961037644,99.83712756170478,322.0751851485768,0.0,HEAT,NONE,1.0,0.37964449,100.0,False
37.75,324.0970800174161,3.0006986361002723,100.14376944308216,324.11239040389444,0.0,HEAT,NONE,1.0,0.37969714,100.0,False
38.0,326.0072989786266,3.0002790842417864,99.74171819046548,326.14323932972684,0.0,HEAT,NONE,1.0,0.37960697,100.0,False
38.25,328.26547571765065,2.997044832947339,99.72904607183744,328.16775175859914,0.0,HEAT,NONE,1.0,0.37881584,100.0,False
38.5,330.1770649360154,3.003769955757138,99.77133295776821,330.1859474611566,0.0,HEAT,NONE,1.0,0.38044313,100.0,False
38.75,332.03464080854957,2.9978314713491447,99.83057550304869,332.19784614635785,0.0,HEAT,NONE,1.0,0.37902505,100.0,False
39.0,334.2603816449169,2.997744422050274,99.89177278953096,334.2034674616667,0.0,HEAT,NONE,1.0,0.37897911,100.0,False
39.25,336.2903268030474,2.9980151515956415,100.06491701466709,336.202830993245,0.0,HEAT,NONE,1.0,0.37901889,100.0,False
39.5,338.0502484903607,2.996741077936254,99.72468260662134,338.19595626614296,0.0,HEAT,NONE,1.0,0.37867913,100.0,False
39.75,340.4620431625272,2.999621666167781,100.03659000519225,340.1828627444904,0.0,HEAT,NONE,1.0,0.37934867,100.0,False
40.0,342.15891240533966,3.001031634158273,100.00745297190615,342.1635698316868,0.0,HEAT,NONE,1.0,0.37968981,100.0,False
40.25,344.42432942647093,2.997291265787744,99.76638068408526,344.1380968705905,0.0,HEAT,NONE,1.0,0.3787767,100.0,False
40.5,345.9546691934352,2.9965744936700687,100.11204430787228,346.10646314370786,0.0,HEAT,NONE,1.0,0.3785643,100.0,False
40.75,348.191744604812,2.9979277204525876,99.79143463353054,348.06868787338135,0.0,HEAT,NONE,1.0,0.37885334,100.0,False
41.0,349.9715707240063,3.005108812177339,99.57706458733024,350.02479022197747,0.0,HEAT,NONE,1.0,0.38059751,100.0,False
41.25,352.05378330742616,2.997239450743981,100.15605507198117,351.97478929207375,0.0,HEAT,NONE,1.0,0.37871425,100.0,False
41.5,353.75701553551386,2.9997989667552294,99.77405813490405,353.91870412664537,0.0,HEAT,NONE,1.0,0.37931124,100.0,False
41.75,355.7099650316763,3.0047908137015216,100.12308680288349,355.856553709251,0.0,HEAT,NONE,1.0,0.38053998,100.0,False
42.0,357.72810674139583,2.997589198206964,99.71592892952322,357.78835696421845,0.0,HEAT,NONE,1.0,0.37881995,100.0,False
42.25,359.6550842500441,3.000273915098714,99.98739184632481,359.71413275682926,0.0,HEAT,NONE,1.0,0.37945386,100.0,False
42.5,361.61983110430646,2.996946431384692,99.99005891719514,361.63389989350287,0.0,HEAT,NONE,1.0,0.37863502,100.0,False
42.75,363.5418761150503,3.0044067380394845,100.28001001815284,363.54767712198054,0.0,HEAT,NONE,1.0,0.38043931,100.0,False
43.0,365.4349347774706,2.99784151334207,99.99025268053569,365.45548313150823,0.0,HEAT,NONE,1.0,0.37887175,100.0,False
43.25,367.2661933617309,2.9980657291770108,99.99120247721166,367.3573365530191,0.0,HEAT,NONE,1.0,0.37890077,100.0,False
43.5,369.0967602946428,3.00224624099078,99.98441266762238,369.25325595931565,0.0,HEAT,NONE,1.0,0.37990853,100.0,False
43.75,371.1807611112799,2.999668390021778,99.89091183291212,371.1432598652509,0.0,HEAT,NONE,1.0,0.37929888,100.0,False
44.0,372.8851727939469,2.9995104838480833,99.91768594938581,373.0273667279092,0.0,HEAT,NONE,1.0,0.37925579,100.0,False
44.25,374.9406801467682,3.0002283277805417,99.79565398781158,374.9055949467868,0.0,HEAT,NONE,1.0,0.3794269,100.0,False
44.5,376.7880310588851,2.996173861988168,99.9075283561721,376.77796286397086,0.0,HEAT,NONE,1.0,0.37842816,100.0,False
44.75,378.60033572293656,2.9942750174654518,100.01372611717898,378.64448876431925,0.0,HEAT,NONE,1.0,0.37791078,100.0,False
45.0,380.527838378096,3.0004834549556056,99.93635240912924,380.50519087563885,0.0,HEAT,NONE,1.0,0.37937009,100.0,False
45.25,382.3040468198472,2.997970433136986,99.95954494454067,382.36008736886345,0.0,HEAT,NONE,1.0,0.37875117,100.0,False
45.5,384.1263045877041,3.001328603536467,99.81937958656826,384.20919635823134,0.0,HEAT,NONE,1.0,0.37955207,100.0,False
45.75,386.087874387814,3.001359564846856,99.97876557517317,386.0525359014623,0.0,HEAT,NONE,1.0,0.37957293,100.0,False
46.0,387.82424327647067,3.002462737835761,99.7503097439809,387.8901239999336,0.0,HEAT,NONE,1.0,0.37986032,100.0,False
46.25,389.7910465995779,3.0013205686996924,100.04250644388017,389.72197859885614,0.0,HEAT,NONE,1.0,0.37960818,100.0,False
46.5,391.6056144763145,2.9985121699361494,99.96108099125478,391.5481175874496,0.0,HEAT,NONE,1.0,0.3789313,100.0,False
46.75,393.4641175487994,3.0018802602334382,100.03100691481639,393.36855879911695,0.0,HEAT,NONE,1.0,0.37974533,100.0,False
47.0,394.95617197485103,3.0020377358543415,100.17542064879895,395.183320011619,0.0,HEAT,NONE,1.0,0.37980803,100.0,False
47.25,397.14386967120396,3.0009489610266185,99.76634820945935,396.99241894724753,0.0,HEAT,NONE,1.0,0.37956562,100.0,False
47.5,398.93725499513295,2.999719484669776,99.62012205278994,398.79587327299873,0.0,HEAT,NONE,1.0,0.37927545,100.0,False
47.75,400.6502817112117,2.9957006274622944,99.80553391297073,400.5937006007456,0.0,HEAT,NONE,1.0,0.37828128,100.0,False
48.0,402.2906746535539,3.0043439761676933,99.94437319687323,402.38591848741,0.0,HEAT,NONE,1.0,0.38036324,100.0,False
48.25,404.21319317329426,3.0054015030761376,100.23910446439835,404.1725444351338,0.0,HEAT,NONE,1.0,0.38067829,100.0,False
48.5,405.9380928790763,2.9989778985789295,99.81086940488656,405.9535958914504,0.0,HEAT,NONE,1.0,0.3791609,100.0,False
48.75,407.6249215383272,3.001056857401305,100.05935961427143,407.72909024945443,0.0,HEAT,NONE,1.0,0.37966515,100.0,False
49.0,409.5155805826483,3.0026700495724263,99.88414479804501,409.4990448479722,0.0,HEAT,NONE,1.0,0.38007928,100.0,False
49.25,411.25506549370306,3.0016501173974808,100.08762188593417,411.2634769717306,0.0,HEAT,NONE,1.0,0.37986341,100.0,False
49.5,413.18304571788605,3.000502677371089,99.95358961666047,413.0224038515262,0.0,HEAT,NONE,1.0,0.37960411,100.0,False
49.75,414.83017150343255,2.996253704258953,99.75408110026852,414.77584266439317,0.0,HEAT,NONE,1.0,0.37856431,100.0,False
50.0,416.6109113009059,2.9993977701375703,100.04626144396254,416.5238105337713,0.0,HEAT,NONE,0.98380539,0.37929662,100.0,False
50.25,417.9636691699512,2.998507854356602,99.91002143294025,418.2183218245274,0.0,HEAT,NONE,0.96928984,0.37906976,100.0,False
50.5,419.73488843938566,2.9929522649571725,99.94976897767943,419.86452025659617,0.0,HEAT,NONE,0.94285469,0.37767878,100.0,False
50.75,421.56182113629217,3.0014357190206375,99.90985800855012,421.4272254930672,0.0,HEAT,NONE,0.91472684,0.37968493,100.0,False
51.0,422.89944928775424,3.0024345960212706,99.58593732060186,422.9016806835018,0.0,HEAT,NONE,0.89923953,0.37994592,100.0,False
51.25,424.30694872565124,3.001584311860143,100.10231929378511,424.32562920767225,0.0,HEAT,NONE,0.88102007,0.379764,100.0,False
51.5,425.9462397736478,3.003222420294861,100.04688442521193,425.6911302425963,0.0,HEAT,NONE,0.85605081,0.3801878,100.0,False
51.75,427.02365536127223,3.0019055316141157,99.91910095078863,426.9783589603549,0.0,HEAT,NONE,0.84552939,0.3799035,100.0,False
52.0,428.22435644787424,3.0021005606613693,100.29361678223425,428.23038465611575,0.0,HEAT,NONE,0.83070704,0.37997736,100.0,False
52.25,429.4106786156517,2.999057498570468,100.02977202906814,429.4345687115115,0.0,HEAT,NONE,0.81553422,0.37925422,100.0,False
52.5,430.79150211862157,2.9991848252723394,100.22040385547066,430.5900215645204,0.0,HEAT,NONE,0.79461561,0.37927677,100.0,False
52.75,431.5348654908682,2.9987793335749267,99.97027522649715,431.6798640734825,0.0,HEAT,NONE,0.79010339,0.37916801,100.0,False
53.0,432.87090725497353,3.0025682075712683,99.77358334628225,432.7529313963591,0.0,HEAT,NONE,0.76887925,0.38008956,100.0,False
53.25,433.6224721578353,3.0002235168009372,99.90119595311711,433.759739801707,0.0,HEAT,NONE,0.76282144,0.3795432,100.0,False
53.5,434.517086622888,3.0023038815549237,100.07409551262303,434.7454507892351,0.0,HEAT,NONE,0.75202643,0.38006122,100.0,False
53.75,435.77006519894013,2.99756491267822,100.15434076782509,435.696088574411,0.0,HEAT,NONE,0.7312211,0.37892097,100.0,False
54.0,436.54609683920864,3.0024765680658403,99.86325022735859,436.5820908386727,0.0,HEAT,NONE,0.7228807,0.38010566,100.0,False
54.25,437.31248643599594,2.999589198945484,99.89465017813043,437.44060675314853,0.0,HEAT,NONE,0.71405026,0.37942405,100.0,False
54.5,438.37158720293473,2.999783383504433,99.86155431732053,438.2702695431294,0.0,HEAT,NONE,0.69691207,0.3794684,100.0,False
54.75,439.05747393803586,2.9979608478831996,100.13737492437654,439.04654409789407,0.0,HEAT,NONE,0.68942029,0.37901671,100.0,False
55.0,439.7033071275187,2.9978598003556995,100.18168553580644,439.79819007499543,0.0,HEAT,NONE,0.6823076,0.37896684,100.0,False
55.25,440.8621969937873,3.005345246600994,100.00948345174908,440.5264079854009,0.0,HEAT,NONE,0.66113306,0.3807883,100.0,False
55.5,441.22241817683084,3.0034988960061053,99.98133477906329,441.1895899707706,0.0,HEAT,NONE,0.66108029,0.38039837,100.0,False
55.75,441.70409396027867,2.998953913928104,100.0677275170798,441.8505463308493,0.0,HEAT,NONE,0.65683821,0.37932135,100.0,False
56.0,442.3724939657324,2.9937464092778274,99.78449057281686,442.49686640840514,0.0,HEAT,NONE,0.64705385,0.37802468,100.0,False
56.25,443.2119823013644,2.996922932915105,99.97879793614432,443.11216790873857,0.0,HEAT,NONE,0.63250903,0.37873241,100.0,False
56.5,443.71432085985634,3.001304035920812,99.94976458019296,443.6824370572057,0.0,HEAT,NONE,0.62678795,0.37977419,100.0,False
56.75,444.3087763056154,2.9966621342146604,99.94574289614829,444.23396895054333,0.0,HEAT,NONE,0.61814019,0.37864132,100.0,False
57.0,444.6044846936381,3.002999760871103,99.99593751578993,444.7581470318063,0.0,HEAT,NONE,0.61701784,0.3801632,100.0,False
57.25,445.166466714452,2.99829414932367,99.96674072789149,445.2773628375965,0.0,HEAT,NONE,0.60823573,0.37903577,100.0,False
57.5,445.8740054011496,2.994703031746063,99.84441912375617,445.7689274324508,0.0,HEAT,NONE,0.59545429,0.37812646,100.0,False
57.75,446.1643565251273,3.00752372249877,100.14335183387979,446.2210726128609,0.0,HEAT,NONE,0.59363581,0.38122502,100.0,False
58.0,446.6496991072068,3.0014361343236935,100.30861542544454,446.66641685907643,0.0,HEAT,NONE,0.58612237,0.37981236,100.0,False
58.25,447.05303927888195,2.9980814339009165,100.18179153148327,447.0881008678983,0.0,HEAT,NONE,0.58054979,0.37900239,100.0,False
58.5,447.56607772136306,3.0013534603475134,99.9237666401079,447.4919513966431,0.0,HEAT,NONE,0.57180279,0.37978759,100.0,False
58.75,448.15724520819174,3.004355034727072,100.0848921683309,447.86861473834034,0.0,STABILIZE,NONE,0.56090605,0.38054616,100.0,False
59.0,448.31444711699396,2.9927824713030233,100.09565646902456,448.2118036412719,0.0,STABILIZE,NONE,0.56138582,0.37774318,100.0,False
59.25,448.5262275587892,3.000764143087847,100.1023689117769,448.555343846873,0.0,STABILIZE,NONE,0.55980971,0.37962641,100.0,False
59.5,448.84194662669665,2.994325486569262,100.05518118476112,448.8931403919129,0.0,STABILIZE,NONE,0.55507984,0.37804424,100.0,False
59.75,449.1046555384797,2.998875675552204,99.90932352338585,449.21586308634573,0.0,STABILIZE,NONE,0.55153139,0.37909611,100.0,False
60.0,449.4758246902496,2.9930292301870054,100.18254206908472,449.5270608285379,0.0,STABILIZE,NONE,0.5448885,0.37763444,100.0,False
60.25,449.8555992134998,3.003869791288745,100.29697627447148,449.8175972981508,0.0,STABILIZE,NONE,0.53795926,0.38022115,100.0,False
60.5,450.09007715460416,2.994806922935979,99.86591697244305,450.08668818621976,0.0,STABILIZE,NONE,0.53478526,0.37802546,100.0,False
60.75,450.16449570100167,2.9991416863004052,100.01194719670988,450.34553137313617,0.0,STABILIZE,NONE,0.53554499,0.37902792,100.0,False
61.0,450.3054907755746,3.0017484240921886,99.7734465020071,450.60581886562807,0.0,STABILIZE,NONE,0.5341191,0.37965602,100.0,False
61.25,450.90567251515205,3.000251330365384,99.9529553141211,450.861067725732,0.0,STABILIZE,NONE,0.5203997,0.37930405,100.0,False
61.5,451.0638978245973,2.9989449044776895,99.90812928348936,451.0748542829885,0.0,STABILIZE,NONE,0.51868653,0.37898208,100.0,False
61.75,451.0304823065408,3.0005687801164025,100.27683005659348,451.28289576517113,0.0,STABILIZE,NONE,0.52169317,0.379368,100.0,False
62.0,451.7962744221251,3.004581998529213,100.10587024012771,451.49920016269243,0.0,STABILIZE,NONE,0.503245,0.38036434,100.0,False
62.25,451.5586751266827,3.0045710980786158,99.99158086683384,451.66014714529473,0.0,STABILIZE,NONE,0.51179345,0.380418,100.0,False
62.5,451.8355992259243,2.998996993162094,100.01379428485274,451.8459305523887,0.0,STABILIZE,NONE,0.50599224,0.37909993,100.0,False
62.75,451.94865659701156,2.9997093496208014,99.83731013369089,452.0139388322498,0.0,STABILIZE,NONE,0.50451882,0.37926624,100.0,False
63.0,452.12100596199724,3.0068318232860847,99.9895608958057,452.1770555177083,0.0,STABILIZE,NONE,0.50127909,0.38102394,100.0,False
63.25,452.2942612384131,3.00102481818674,100.10621827325551,452.3300603231289,0.0,STABILIZE,NONE,0.49792381,0.37967714,100.0,False
63.5,452.305576966316,2.9987255023250765,100.1377413761402,452.4726422951918,0.0,STABILIZE,NONE,0.49873224,0.37912664,100.0,False
63.75,452.6576513188534,2.999821221146548,100.2331026502913,452.6171756744926,0.0,STABILIZE,NONE,0.49031591,0.37938509,100.0,False
64.0,452.6346451983022,2.999719518602129,99.92199120021172,452.7363111122482,0.0,STABILIZE,NONE,0.49196575,0.37936051,100.0,False
64.25,453.08351138463206,2.9936390455298967,99.89947874567743,452.8599651502706,0.0,STABILIZE,NONE,0.48090461,0.37785699,100.0,False
64.5,452.87107332388996,3.002012383829467,100.09094132141641,452.95044686879413,0.0,STABILIZE,NONE,0.48755283,0.37984645,100.0,False
64.75,453.2696315086411,2.9951310394288946,100.11257125135455,453.0603523696053,0.0,STABILIZE,NONE,0.47755571,0.37817032,100.0,False
65.0,453.09629034726413,2.998259477395085,100.08093528000586,453.14028232690737,0.0,STABILIZE,NONE,0.48289651,0.37888105,100.0,False
65.25,453.0977727071268,2.994169041670362,99.94446722666159,453.2357936445372,0.0,STABILIZE,NONE,0.48312359,0.37784612,100.0,False
65.5,453.1070144189284,2.998936711457157,100.05573321456265,453.33168004667465,0.0,STABILIZE,NONE,0.48297244,0.3789473,100.0,False
65.75,453.4736192071985,3.005732613129746,99.97005178795847,453.4268192453564,0.0,STABILIZE,NONE,0.47332919,0.38060729,100.0,False
66.0,453.26307814639915,2.9982297049212687,99.86209236630604,453.49307788498135,0.0,STABILIZE,NONE,0.47920377,0.37882158,100.0,False
66.25,453.39386895327,3.0019549021527787,99.9032151493052,453.5765427270387,0.0,STABILIZE,NONE,0.47563007,0.37971835,100.0,False
66.5,453.35254836417283,3.0025812061367483,99.98328601469397,453.64915428667587,0.0,STABILIZE,NONE,0.47664768,0.37989595,100.0,False
66.75,453.7780811953634,3.000597849951468,100.09474821012225,453.72455560361055,0.0,STABILIZE,NONE,0.46525311,0.37943828,100.0,False
67.0,453.77164964223834,3.003944250232673,100.06374741849658,453.765946830186,0.0,STABILIZE,NONE,0.46568677,0.38027321,100.0,False
67.25,453.8673044731942,3.0011420843107994,99.78150433861468,453.80849432968597,0.0,STABILIZE,NONE,0.46323264,0.37963184,100.0,False
67.5,453.818939386632,2.9990437038768722,100.03113200817405,453.84363474940255,0.0,STABILIZE,NONE,0.46452445,0.37913074,100.0,False
67.75,453.67869047696047,3.0048062282949246,100.01565829962347,453.8824946016049,0.0,STABILIZE,NONE,0.4679963,0.38054463,100.0,False
68.0,453.7498265418966,2.994380259684332,99.95780690594188,453.9315241729942,0.0,STABILIZE,NONE,0.46562125,0.37803168,100.0,False
68.25,453.95990953010994,2.9978198620422805,100.01381707418858,453.9733608420489,0.0,STABILIZE,NONE,0.45966052,0.37881423,100.0,False
68.5,453.9012223143986,3.0018102777929405,99.89131872724165,453.9973986794845,0.0,STABILIZE,NONE,0.46097703,0.37977254,100.0,False
68.75,454.01948877072334,3.0029410411973556,100.38575033243653,454.0252638044891,0.0,STABILIZE,NONE,0.45746097,0.38007386,100.0,False
69.0,453.89147349774953,2.998366889790169,99.87402464533,454.0426199766441,0.0,STABILIZE,NONE,0.46049055,0.37898133,100.0,False
69.25,454.18655127071,2.996451728366964,99.92734644316103,454.06890202244466,0.0,STABILIZE,NONE,0.45215995,0.37848931,100.0,False
69.5,454.0659690065115,2.997253810357159,99.85640124365361,454.07040919899714,0.0,STABILIZE,NONE,0.45509701,0.37864317,100.0,False
69.75,454.0092740267542,2.9941153400308176,99.78317826743898,454.0806174599725,0.0,STABILIZE,NONE,0.45606839,0.37783191,100.0,False
70.0,454.0317180399084,3.001348926270124,99.97213600210695,454.09367315307736,0.0,STABILIZE,NONE,0.45482712,0.37954217,100.0,False
70.25,453.8369135381362,2.9994003620658884,100.11976564607592,454.1030088423621,0.0,STABILIZE,NONE,0.45927944,0.37907304,100.0,False
70.5,454.2088924235985,3.0006064689294707,99.86689451873525,454.1255125967998,0.0,STABILIZE,NONE,0.44857839,0.37936022,100.0,False
70.75,454.2109094372206,2.999057760999677,99.82461273962889,454.11622698157777,0.0,STABILIZE,NONE,0.44812866,0.37898271,100.0,False
71.0,453.98530935137734,3.0052207798079538,100.03302700573023,454.1056372866516,0.0,STABILIZE,NONE,0.45355634,0.38049115,100.0,False
71.25,454.2850559648047,2.9990078688868596,100.14072240087776,454.1111689068476,0.0,STABILIZE,NONE,0.44483226,0.37902031,100.0,False
71.5,454.00059847469265,3.000060350136542,100.37295253899335,454.0908240812354,0.0,STABILIZE,NONE,0.45184872,0.37926856,100.0,False
71.75,454.2064126312576,2.999027942254149,99.98727714414598,454.09134033641266,0.0,STABILIZE,NONE,0.44553766,0.37901465,100.0,False
72.0,454.12208177903415,3.0042470171696145,99.92663003624946,454.0731482659013,0.0,STABILIZE,NONE,0.44714028,0.38029172,100.0,False
72.25,453.798565446018,2.9994274622352046,100.00230781857455,454.0597633087087,0.0,STABILIZE,NONE,0.45484462,0.3791544,100.0,False
72.5,454.085687368197,3.0042675299453676,100.04750306174587,454.0692566728867,0.0,STABILIZE,NONE,0.44608678,0.38034472,100.0,False
72.75,454.17469870731486,2.996662658147839,100.13018522326367,454.05276116156944,0.0,STABILIZE,NONE,0.44301649,0.37852123,100.0,False
73.0,454.3416493968193,3.0025641766252837,100.0380333579911,454.02721642207086,0.0,STABILIZE,NONE,0.43801305,0.37993972,100.0,False
73.25,454.01001883620296,3.0053952260731083,99.86092277749135,453.9869206079418,0.0,STABILIZE,NONE,0.44626503,0.38067207,100.0,False
73.5,453.9545449952261,3.000967855534725,100.11160016617197,453.9712103489192,0.0,STABILIZE,NONE,0.44673111,0.37964844,100.0,False
73.75,453.89133143722756,3.0004297837460614,99.95831177779732,453.95693062308385,0.0,STABILIZE,NONE,0.44735938,0.37953183,100.0,False
74.0,453.9626283869167,2.99907544417279,99.82876094832166,453.94455771699654,0.0,STABILIZE,NONE,0.44442237,0.37920629,100.0,False
74.25,453.92035073934335,3.002178292286781,99.85494725626873,453.9235177770969,0.0,STABILIZE,NONE,0.44461897,0.37996426,100.0,False
74.5,453.86696246730236,3.0013578083188506,99.83952023398791,453.9031262296186,0.0,STABILIZE,NONE,0.44507122,0.37979127,100.0,False
74.75,453.9115345784196,2.9960673896377426,100.17019457512505,453.8841388277934,0.0,STABILIZE,NONE,0.44291462,0.37850423,100.0,False
75.0,454.20574146336276,3.0056371395262738,99.96712289833401,453.8588182560808,0.0,STABILIZE,NONE,0.43432311,0.3808213,100.0,False
75.25,453.9191403233609,2.999460950479691,100.01531588441038,453.8081104540498,0.0,STABILIZE,NONE,0.44138084,0.37936724,100.0,False
75.5,454.01064435722174,2.9951809970395713,100.15829418961991,453.77848079808103,0.0,STABILIZE,NONE,0.43805298,0.3783063,100.0,False
75.75,453.7317330273964,3.0037589218203635,100.0280850053349,453.7390794266698,0.0,STABILIZE,NONE,0.44458743,0.38036649,100.0,False
76.0,453.61826906199354,3.0000469780689247,100.11039506425443,453.7191698611725,0.0,STABILIZE,NONE,0.44639087,0.3794964,100.0,False
76.25,453.71003257271144,3.000670734772931,99.92174872364468,453.7046680215948,0.0,STABILIZE,NONE,0.44274309,0.37965245,100.0,False
76.5,453.3593164007703,3.001845816115683,100.10487396042762,453.6793989858971,0.0,STABILIZE,NONE,0.45092075,0.37995222,100.0,False
76.75,453.70067508449927,2.9991926194426797,100.1554443654032,453.67844832680714,0.0,STABILIZE,NONE,0.44052885,0.37932138,100.0,False
77.0,453.5781318263836,2.996929537291893,99.97171751957559,453.6466978352051,0.0,STABILIZE,NONE,0.44292436,0.37875409,100.0,False
77.25,453.8005115571953,2.9951368364065183,100.17877449889208,453.62214697891255,0.0,STABILIZE,NONE,0.43612633,0.37827362,100.0,False
77.5,453.48163464560866,2.996393368213372,100.18900927542133,453.5775225737395,0.0,STABILIZE,NONE,0.44387178,0.37852197,100.0,False
77.75,453.54146230143016,2.9960881905047447,99.94619004114152,453.55599581564957,0.0,STABILIZE,NONE,0.44121856,0.37839837,100.0,False
78.0,453.66632963604184,3.003884646670761,99.93593519771183,453.52667177140876,0.0,STABILIZE,NONE,0.4370229,0.38027095,100.0,False
78.25,453.5459509120437,3.0021244704870065,99.90330602594253,453.4850027981791,0.0,STABILIZE,NONE,0.4394707,0.37987986,100.0,False
78.5,453.5039748120431,2.9997088007874484,99.91959633842902,453.45071940076815,0.0,STABILIZE,NONE,0.43969038,0.37930793,100.0,False
78.75,453.3433719384793,3.0000291497351923,100.00447802304377,453.41719412878615,0.0,STABILIZE,NONE,0.4429935,0.37938257,100.0,False
79.0,453.30874079811144,2.9985475188519963,100.16700058575104,453.39356429111007,0.0,STABILIZE,NONE,0.44281209,0.37901641,100.0,False
79.25,453.4015445313814,3.002601078692883,100.1802733347906,453.3694704611048,0.0,STABILIZE,NONE,0.43932741,0.37999864,100.0,False
79.5,453.4234491494535,3.006542679883386,99.8762043952354,453.3351228105076,0.0,STABILIZE,NONE,0.43790853,0.38100393,100.0,False
79.75,453.4179380426104,2.9982334799683423,100.27836748950568,453.29667660364805,0.0,STABILIZE,NONE,0.43727153,0.37903413,100.0,False
80.0,453.51152822987206,2.9934730281857,99.8546700636232,453.2564622116632,0.0,STABILIZE,NONE,0.4340497,0.37783955,100.0,False
80.25,453.30647035176156,3.0022465337848967,100.11048463242388,453.2068234151424,0.0,STABILIZE,NONE,0.43880072,0.37992637,100.0,False
80.5,453.16079227365105,3.001054394149955,100.09795321536794,453.1714220728771,0.0,STABILIZE,NONE,0.44169274,0.37965837,100.0,False
80.75,453.13302277990385,3.00268287070988,99.66107541263364,453.14470347033443,0.0,STABILIZE,NONE,0.44134428,0.38007379,100.0,False
81.0,453.2121043851183,2.996275822667797,100.14380167119539,453.11703535718283,0.0,STABILIZE,NONE,0.43824624,0.37852539,100.0,False
81.25,453.04596795777667,2.997020319940491,100.05608532351162,453.08027062151035,0.0,STABILIZE,NONE,0.44176351,0.37866378,100.0,False
81.5,452.9173461684646,2.9971945026647884,99.76490584660702,453.05404619314146,0.0,STABILIZE,NONE,0.44410393,0.37866891,100.0,False
81.75,453.0308347017103,3.0016548457576766,100.15345389791968,453.03484086493006,0.0,STABILIZE,NONE,0.44000503,0.37973331,100.0,False
82.0,452.98228666470953,3.0031698653124628,100.0026941462702,453.00354584397786,0.0,STABILIZE,NONE,0.44041879,0.38012553,100.0,False
82.25,452.95958162787133,3.0014843839724383,100.15875891641885,452.97357490001826,0.0,STABILIZE,NONE,0.4401379,0.37974755,100.0,False
82.5,452.8916497103125,2.998910489297806,99.975875289295,452.94286487848126,0.0,STABILIZE,NONE,0.44106603,0.37913081,100.0,False
82.75,452.9274171301432,2.9970321443345336,100.15420090900993,452.91500176109446,0.0,STABILIZE,NONE,0.4392341,0.37865419,100.0,False
83.0,452.82173408196377,3.0013676111390106,99.87617911416639,452.8817955267305,0.0,STABILIZE,NONE,0.44122153,0.37968805,100.0,False
83.25,452.90840446617176,3.0010418067719353,99.93689778898039,452.8545838732504,0.0,STABILIZE,NONE,0.43806056,0.37962355,100.0,False
83.5,453.12122105615936,3.0008944766762977,100.26653933844659,452.8180876412098,0.0,STABILIZE,NONE,0.43178104,0.37959981,100.0,False
83.75,452.90696289377445,2.9977213108762144,99.9426719776513,452.7630920551897,0.0,STABILIZE,NONE,0.43701324,0.37882759,100.0,False
84.0,452.78919222077883,3.0000816345043453,100.00741917126382,452.72377691067527,0.0,STABILIZE,NONE,0.43936895,0.37938267,100.0,False
84.25,452.64863628913315,2.9944663033088217,99.96618510348688,452.69156703228936,0.0,STABILIZE,NONE,0.44218644,0.37799596,100.0,False
84.5,452.33509080070314,3.0014669722226723,99.89109133188583,452.66780902029154,0.0,STABILIZE,NONE,0.44940091,0.37965504,100.0,False
84.75,452.5581971543564,2.9995720416532428,100.04090085194437,452.6655096632822,0.0,STABILIZE,NONE,0.4422103,0.37920246,100.0,False
85.0,452.42710275061273,2.9950209774228207,99.84009011927502,452.64190367727315,0.0,STABILIZE,NONE,0.44478772,0.37807127,100.0,False
85.25,452.31975198846055,2.997781182752148,100.23863245457844,452.62601111709034,0.0,STABILIZE,NONE,0.44662866,0.37868869,100.0,False
85.5,452.45713701616074,3.002821821742734,99.79425477876022,452.6156249036353,0.0,STABILIZE,NONE,0.44200447,0.37990222,100.0,False
85.75,452.63643248303316,2.9996768302799435,99.99102808216985,452.5915644601473,0.0,STABILIZE,NONE,0.43658674,0.37915698,100.0,False
86.0,452.6368369463165,3.005935664840661,100.02920595247498,452.5515203071614,0.0,STABILIZE,NONE,0.43615268,0.38069705,100.0,False
86.25,452.5289683352796,2.9972587335786574,100.08750094829983,452.5103144925702,0.0,STABILIZE,NONE,0.43853521,0.37862701,100.0,False
86.5,452.4393884912429,3.002907675718637,99.99344403242723,452.47629934082465,0.0,STABILIZE,NONE,0.4402708,0.37998933,100.0,False
86.75,452.70866316644276,2.994225901240304,99.95551009597672,452.4475348108713,0.0,STABILIZE,NONE,0.4325001,0.37788145,100.0,False
87.0,452.5280490181728,2.9996060988403848,99.88117403964917,452.3958267723526,0.0,STABILIZE,NONE,0.43693904,0.37913889,100.0,False
87.25,452.3175555121464,2.9965542243175256,100.01784306575345,452.3574376030073,0.0,STABILIZE,NONE,0.44185824,0.37837839,100.0,False
87.5,452.69981856878627,3.0044186063607032,99.8336486340227,452.3337492927603,0.0,STABILIZE,NONE,0.43097056,0.38027607,100.0,False
87.75,452.1468613823956,2.999406084726221,100.15066241916007,452.2778625447449,0.0,STABILIZE,NONE,0.44520261,0.37909065,100.0,False
88.0,452.14111256818353,2.9986035955245876,100.13271241502723,452.2643356195589,0.0,STABILIZE,NONE,0.44426672,0.37888487,100.0,False
88.25,452.3777746989352,2.999673190442359,99.83233548784406,452.2480768133639,0.0,STABILIZE,NONE,0.43710306,0.37913089,100.0,False
88.5,451.97817309279856,2.998729065469465,99.66542066465925,452.21063481628795,0.0,STABILIZE,NONE,0.44704782,0.37889258,100.0,False
88.75,452.3152600488939,2.9990457822848087,100.07219404963675,452.2027870666074,0.0,STABILIZE,NONE,0.43714174,0.37895389,100.0,False
89.0,452.44584976423204,3.004538368473735,99.82732977430794,452.16560103109185,0.0,STABILIZE,NONE,0.43325356,0.380297,100.0,False
89.25,452.2473933513687,3.0041208000273736,99.88804652228558,452.1170060033972,0.0,STABILIZE,NONE,0.43816996,0.38024961,100.0,False
89.5,451.9401408403407,2.9999813909403175,99.75978649757256,452.0831353788015,0.0,STABILIZE,NONE,0.44561776,0.37927988,100.0,False
89.75,452.2920568214,2.9931009913527644,99.83397888763868,452.07144657900477,0.0,STABILIZE,NONE,0.43539575,0.37758299,100.0,False
90.0,451.9890602501004,3.0002122174974306,100.02491862597138,452.02949502470176,0.0,STABILIZE,NONE,0.4429479,0.37925465,100.0,False
90.25,452.0507770995086,3.000237300216148,100.17053294781547,452.01005981420735,0.0,STABILIZE,NONE,0.44050593,0.37926191,100.0,False
90.5,451.6625405357703,3.00086066167553,99.89281233824268,451.98344696121586,0.0,STABILIZE,NONE,0.45002458,0.37941786,100.0,False
90.75,452.00500854310235,3.001454939859535,99.86322566852577,451.98513152783084,0.0,STABILIZE,NONE,0.43990384,0.37957461,100.0,False
91.0,451.86066943996394,3.0030528354678756,100.05235844029764,451.95681178944426,0.0,STABILIZE,NONE,0.44318004,0.37998741,100.0,False
91.25,451.836254183965,3.0065446171005905,100.34637664727425,451.9382914494554,0.0,STABILIZE,NONE,0.44313304,0.38088891,100.0,False
91.5,451.70032020988833,3.0007904458939185,100.37634916534485,451.91968958173237,0.0,STABILIZE,NONE,0.44603655,0.37955176,100.0,False
91.75,452.0273368893898,3.000485742028465,99.96879147499607,451.9097520950121,0.0,STABILIZE,NONE,0.43667859,0.37949127,100.0,False
92.0,451.7909283911579,2.9991461005167275,99.91739058813876,451.8721075340394,0.0,STABILIZE,NONE,0.44263022,0.3791705,100.0,False
92.25,451.9639580051228,2.9986600426605188,99.93382727319847,451.8522217513391,0.0,STABILIZE,NONE,0.43749094,0.3790432,100.0,False
92.5,451.6368404888081,2.999815655491583,99.86588174898414,451.81716459183247,0.0,STABILIZE,NONE,0.44574732,0.37931425,100.0,False
92.75,451.7795771589912,3.003103007758241,100.05488873294665,451.8066896843005,0.0,STABILIZE,NONE,0.4412198,0.38012509,100.0,False
93.0,451.85853615879864,3.000785925925195,100.00887635952871,451.78282736458084,0.0,STABILIZE,NONE,0.43865518,0.37959282,100.0,False
93.25,451.73233843203883,2.9987266887068116,100.11386755132494,451.75143766663956,0.0,STABILIZE,NONE,0.44160422,0.37909638,100.0,False
93.5,451.5662512341102,3.003774999487803,100.00511170940271,451.72888720550344,0.0,STABILIZE,NONE,0.4454188,0.38032936,100.0,False
93.75,451.6054089041842,2.997968633809798,99.89845143982177,451.7177139627708,0.0,STABILIZE,NONE,0.44366152,0.37894396,100.0,False
94.0,451.72539777473673,2.997447629127758,100.17131967981754,451.7013667998825,0.0,STABILIZE,NONE,0.43992491,0.37879239,100.0,False
94.25,451.55674904717824,2.9929909768846548,99.8903502260911,451.6739948960704,0.0,STABILIZE,NONE,0.44397296,0.37766055,100.0,False
94.5,451.3574291103565,3.0002657295922326,100.15887369675568,451.65870728635144,0.0,STABILIZE,NONE,0.44859358,0.37936889,100.0,False
94.75,451.754327400278,2.996345371735225,99.88566170776478,451.65716343023814,0.0,STABILIZE,NONE,0.43737229,0.37840017,100.0,False
95.0,451.88915821449615,3.001613359101099,100.0006178038951,451.62236318416114,0.0,STABILIZE,NONE,0.43368302,0.37965258,100.0,False
95.25,451.735145478474,3.007879310717504,100.19448599163695,451.576736094295,0.0,STABILIZE,NONE,0.43771139,0.38121666,100.0,False
95.5,451.56410421134416,3.000930139980959,100.09256196866473,451.5431919231286,0.0,STABILIZE,NONE,0.44189607,0.37959715,100.0,False
95.75,451.43025151699806,2.9966131633002666,100.0078673625234,451.5221562914746,0.0,STABILIZE,NONE,0.44485685,0.37854445,100.0,False
96.0,451.36788070497715,2.9998857927617415,100.0144184559988,451.5099623893966,0.0,STABILIZE,NONE,0.4458041,0.37931215,100.0,False
96.25,451.8517698910956,2.997525350110931,99.98173166020435,451.50061429281317,0.0,STABILIZE,NONE,0.43243218,0.37872748,100.0,False
96.5,451.42701400588356,3.0015947278985213,100.15700864973753,451.45165943932125,0.0,STABILIZE,NONE,0.4436283,0.37970147,100.0,False
96.75,451.3624714058938,2.9976851726562566,99.75389340761024,451.4360439311378,0.0,STABILIZE,NONE,0.4447046,0.37875453,100.0,False
97.0,451.2847367489478,3.0019500718028653,100.00684705627347,451.42366742346826,0.0,STABILIZE,NONE,0.44610202,0.37977856,100.0,False
97.25,451.2631565479791,2.999059953984052,100.00472094216853,451.41547164721504,0.0,STABILIZE,NONE,0.44599271,0.37908798,100.0,False
97.5,451.48252927499016,2.9984760581140617,99.9624339913513,451.4069774352488,0.0,STABILIZE,NONE,0.4396238,0.37893178,100.0,False
97.75,451.1068663272324,2.9969284749211864,100.24265734872681,451.3796315372334,0.0,STABILIZE,NONE,0.44922568,0.37852967,100.0,False
98.0,451.0526109484981,2.9996241225389793,100.03287973440162,451.38083204940233,0.0,STABILIZE,NONE,0.44986953,0.37915571,100.0,False
98.25,451.32778487521466,2.9982443188734975,99.99083822014188,451.3839372620137,0.0,STABILIZE,NONE,0.44191764,0.37880771,100.0,False
98.5,451.3627176501346,3.0005689968171736,99.71834318182717,451.3634624603599,0.0,STABILIZE,NONE,0.44075167,0.37935775,100.0,False
98.75,451.3174849278827,2.998204105067387,99.91783961877796,451.339595472076,0.0,STABILIZE,NONE,0.44173199,0.37877824,100.0,False
99.0,451.3527549485653,3.002842840072257,100.13451660013627,451.31870873406405,0.0,STABILIZE,NONE,0.44052625,0.37989969,100.0,False
99.25,451.21985125326745,3.0034591647538553,100.17605912989359,451.29431321181426,0.0,STABILIZE,NONE,0.44377968,0.3800854,100.0,False
99.5,451.450133039685,3.004572776681146,99.97814762411215,451.2796373510031,0.0,STABILIZE,NONE,0.4373232,0.3804037,100.0,False
99.75,451.21974973673025,3.002502852160475,99.79502135273079,451.24586952399125,0.0,STABILIZE,NONE,0.44329435,0.37995133,100.0,False
100.0,451.26132059600536,2.998231857001907,99.94468164237078,451.22990623891513,0.0,STABILIZE,NONE,0.44177275,0.37893117,100.0,False
100.25,450.94825539491205,2.997301070240248,99.99692591058142,451.20948256209687,0.0,STABILIZE,NONE,0.44963853,0.37868273,100.0,False
100.5,451.3457056713414,3.0031676289702456,99.9879510287506,451.2124376952274,0.0,STABILIZE,NONE,0.43846734,0.38010006,100.0,False
100.75,451.15387764963276,2.9974425066976678,100.0603534745464,451.1822709032171,0.0,STABILIZE,NONE,0.44340535,0.37872635,100.0,False
101.0,451.12969837043124,3.0019643802458873,100.26275302061887,451.1668350705074,0.0,STABILIZE,NONE,0.44364617,0.3798127,100.0,False
101.25,451.1473049743465,2.9954908418203208,99.87087243354566,451.15216121793577,0.0,STABILIZE,NONE,0.4427907,0.3782389,100.0,False
101.5,450.9162753209297,2.996764992724946,100.1957906085228,451.13499743713015,0.0,STABILIZE,NONE,0.44850782,0.37849793,100.0,False
101.75,451.1688323531975,2.996062731880924,100.0980448249045,451.13483341717875,0.0,STABILIZE,NONE,0.4412528,0.37828254,100.0,False
102.0,451.3022214181052,2.999869027142265,99.89860137412946,451.1131651869934,0.0,DEPOSITION,NONE,0.43756451,0.37917048,100.0,True
102.25,451.0300253874847,3.001812530644886,100.09599552253844,451.08063204435746,0.024494236202433017,DEPOSITION,NONE,0.44468124,0.37964508,100.0,True
102.5,451.24662774918346,3.0044462082127072,100.17781057723403,451.0692952234774,0.07060179159671455,DEPOSITION,NONE,0.43856124,0.38031507,100.0,True
102.75,451.2441415987551,3.002425731835198,99.77036400935019,451.0398533839881,0.13577428890488352,DEPOSITION,NONE,0.43853241,0.37987046,100.0,True
103.0,450.990773316742,3.0011846952240897,99.94253106024883,451.010417951169,0.21776632542159896,DEPOSITION,NONE,0.44504216,0.37959529,100.0,True
103.25,451.13705914388316,2.9990664758979637,99.86113794550543,451.0003700156479,0.31460475116045017,DEPOSITION,NONE,0.44070217,0.37908861,100.0,True
103.5,451.1941340463528,3.0022245288049727,100.03288806763004,450.977489196437,0.42453887083533104,DEPOSITION,NONE,0.43896614,0.37985912,100.0,True
103.75,451.0885403373278,3.003230533813145,100.05115537164589,450.9495339736088,0.5460214293398798,DEPOSITION,NONE,0.44157459,0.38013679,100.0,True
104.0,450.5607485104477,2.9977489063134732,99.93151313056325,450.92939772328185,0.6776942531951338,DEPOSITION,NONE,0.45508063,0.37882544,100.0,True
104.25,450.8017276376226,3.0005588882095187,100.17883031992768,450.9493577718896,0.8183853774114367,DEPOSITION,NONE,0.44772687,0.37949429,100.0,True
104.5,450.87472230609853,2.996511099180207,100.30420522163656,450.9474581438796,0.9670218082084056,DEPOSITION,NONE,0.44529727,0.37850291,100.0,True
104.75,450.8706471854133,2.996504933358291,100.03565158744276,450.93836282632793,1.1226692243527472,DEPOSITION,NONE,0.44506043,0.37845888,100.0,True
105.0,450.9924462532471,2.9983766787643082,100.11856803618822,450.92859386600867,1.2845029182134298,DEPOSITION,NONE,0.44155373,0.37887669,100.0,True
105.25,450.8353632041717,2.99785558681297,100.02678863027872,450.9084611199147,1.4517860326494625,DEPOSITION,NONE,0.44555254,0.37872544,100.0,True
105.5,451.0158594743459,2.998899398767612,100.04959383340211,450.90024412777717,1.6238853273854432,DEPOSITION,NONE,0.44047051,0.37895358,100.0,True
105.75,450.86296530051925,3.0093649041055177,99.89371604782552,450.87698904643,1.8002219277040081,DEPOSITION,NONE,0.44441319,0.3815218,100.0,True
106.0,451.0731188253481,2.999957624886813,99.98098569944914,450.8654930852672,1.9802912677934061,DEPOSITION,NONE,0.43860196,0.37931334,100.0,True
106.25,450.94505759890825,3.002802233339331,100.19005234614299,450.8368078321778,2.163650327527192,DEPOSITION,NONE,0.4419727,0.38001743,100.0,True
106.5,450.8675011057484,2.9980878645560223,99.91935308437237,450.8182033454781,2.3499134764077296,DEPOSITION,NONE,0.44379491,0.37889008,100.0,True
106.75,450.8815061277853,3.001791307389152,100.20970764110446,450.8050581491528,2.5387473191461796,DEPOSITION,NONE,0.44311377,0.37978333,100.0,True
107.0,450.8526995576814,3.003080284603021,100.22751565521757,450.7899349893686,2.7298421736058276,DEPOSITION,NONE,0.44360203,0.38012553,100.0,True
107.25,450.8010263567262,2.9951871159426275,99.8231084370249,450.7763062750465,2.922929842314149,DEPOSITION,NONE,0.44466713,0.37821662,100.0,True
107.5,450.55020673386906,3.0048171287977574,99.87288871077564,450.7658771640976,3.117787350453276,DEPOSITION,NONE,0.45090114,0.38053755,100.0,True
107.75,450.9587351578214,3.0013977198472075,100.25729036902584,450.77395892300956,3.314208622572615,DEPOSITION,NONE,0.43954455,0.37975381,100.0,True
108.0,450.8988172868692,2.9992158263288977,99.969995432441,450.748353213946,3.511986636228138,DEPOSITION,NONE,0.44114181,0.37923483,100.0,True
108.25,450.74033701998934,3.000111579838978,99.92038844933147,450.7275618619974,3.7109659742866734,DEPOSITION,NONE,0.44519368,0.37944883,100.0,True
108.5,450.71395135030093,3.004401460004356,99.74467925337613,450.71884559493924,3.911012271702284,DEPOSITION,NONE,0.44554692,0.38051129,100.0,True
108.75,450.74997678902014,2.9964841675793523,100.02805556242072,450.7112035680911,4.111994140754135,DEPOSITION,NONE,0.44426603,0.37861264,100.0,True
109.0,450.82576704483887,2.9993206081579613,100.11594803797725,450.69978867855764,4.3138079155036495,DEPOSITION,NONE,0.4420326,0.3792723,100.0,True
109.25,450.44331334872066,3.002866221011219,99.90953061360277,450.6817892589283,4.516345647608249,DEPOSITION,NONE,0.45193082,0.38014025,100.0,True
109.5,450.78654668397843,2.9998502073465945,99.61216567313141,450.6931854735096,4.719540578054088,DEPOSITION,NONE,0.44227196,0.3794318,100.0,True
109.75,450.56250652931,2.9999725860525612,100.23309641223535,450.67591614753053,4.923295906191905,DEPOSITION,NONE,0.4480717,0.37946198,100.0,True
110.0,450.71898204988196,3.0000817829015296,99.78809738655558,450.6758918069964,5.127558602438208,DEPOSITION,NONE,0.44357086,0.37948984,100.0,True
110.25,450.8771985343253,3.004718327813167,100.00428625646859,450.6625265298468,5.332257416746986,DEPOSITION,NONE,0.43930117,0.38063697,100.0,True
110.5,450.6035835396516,2.994043738611577,100.13249815884346,450.6365470968846,5.537322246237479,DEPOSITION,NONE,0.44656311,0.37806078,100.0,True
110.75,451.03751585546377,3.001541827249296,100.18955552772296,450.6321739566099,5.742740369476739,DEPOSITION,NONE,0.43485052,0.37984069,100.0,True
111.0,450.6744100778726,2.996301742606847,100.20050089465296,450.5930969838164,5.9484301568700095,DEPOSITION,NONE,0.44467241,0.37856533,100.0,True
111.25,450.3980689238699,2.9989263992341755,100.04182776175037,450.5832551587904,6.1543881205231195,DEPOSITION,NONE,0.4516095,0.3791672,100.0,True
111.5,450.726442831125,3.000890074873742,100.058025175125,450.5940063820085,6.360596438821791,DEPOSITION,NONE,0.44234981,0.37963727,100.0,True
111.75,450.4630540531,2.99569547453623,100.00922210023947,450.5772772633643,6.56700036368462,DEPOSITION,NONE,0.44916937,0.3783636,100.0,True
112.0,450.4742850930042,2.9959936039406188,99.8101080292747,450.5808143095906,6.773600041869311,DEPOSITION,NONE,0.44841233,0.37838226,100.0,True
112.25,450.50857709417926,2.9946879150882832,99.79787969457333,450.58209636530523,6.980371177456102,DEPOSITION,NONE,0.44714086,0.37800637,100.0,True
112.5,450.33433509671966,3.0012302866601748,100.06119763442774,450.57960563608003,7.187293031353997,DEPOSITION,NONE,0.45143661,0.37955113,100.0,True
112.75,450.8909269246904,2.996086924418217,99.89806045616353,450.589855780213,7.394350266626067,DEPOSITION,NONE,0.43637411,0.37829041,100.0,True
113.0,450.69231865143706,3.0002542223571225,99.95095030919381,450.55542694303864,7.601496347029219,DEPOSITION,NONE,0.44195966,0.37926623,100.0,True
113.25,450.7940372025437,2.9998695141115457,99.82657076959988,450.53766174704276,7.808726501961033,DEPOSITION,NONE,0.43928658,0.3791694,100.0,True
113.5,450.3144876670354,3.0019055748512686,100.04578624051088,450.51202866101545,8.016022709900108,DEPOSITION,NONE,0.45195902,0.37966664,100.0,True
113.75,450.3182827819515,2.9977882676039695,100.08020689567233,450.5240381374944,8.223404493069928,DEPOSITION,NONE,0.45124307,0.37867023,100.0,True
114.0,450.62047799985504,2.9990035971696574,100.09333243027778,450.5338879839763,8.430866760181232,DEPOSITION,NONE,0.44282508,0.378941,100.0,True
114.25,450.6045333856638,2.9956719927807582,99.95319043743268,450.5187551975702,8.638377931734121,DEPOSITION,NONE,0.44325279,0.37810302,100.0,True
114.5,450.56720624809736,2.9996670040748805,99.67916021965483,450.5049374094292,8.845936818435359,DEPOSITION,NONE,0.44419157,0.37903283,100.0,True
114.75,450.451493179222,3.0036759927356957,100.23706083787195,450.4939453874419,9.053533869638283,DEPOSITION,NONE,0.44711547,0.38001484,100.0,True
115.0,450.16303704194854,3.0089613972222993,99.8309295503456,450.49165444113663,9.261165392933137,DEPOSITION,NONE,0.45440211,0.38136318,100.0,True
115.25,450.6545147208333,3.0040883226913695,100.14745259502006,450.5109690902131,9.468837775959628,DEPOSITION,NONE,0.44088675,0.38027153,100.0,True
115.5,450.51260515022267,2.9965710291192464,100.0939838181979,450.49016237828863,9.6765187050138,DEPOSITION,NONE,0.44477544,0.37846989,100.0,True
115.75,450.3736621381889,2.9927792409104783,100.42433479505743,450.4809471147052,9.884225253479878,DEPOSITION,NONE,0.44832741,0.37749487,100.0,True
116.0,450.58850435882874,3.006405989999273,99.86325657887582,450.48228905553464,10.091968677731984,DEPOSITION,NONE,0.44241285,0.38077195,100.0,True
116.25,450.68622079000295,3.005193181938515,100.23318242867516,450.4660953664912,10.299711106220357,DEPOSITION,NONE,0.43990994,0.38055135,100.0,True
116.5,450.43935233778694,2.9963897654599316,99.97340307897043,450.44253328776875,10.50744524588784,DEPOSITION,NONE,0.446537,0.37844415,100.0,True
116.75,450.1082727341627,2.995194834901956,100.01379081717252,450.4386881012277,10.715198633968456,DEPOSITION,NONE,0.45496547,0.37810736,100.0,True
117.0,450.3111281063735,3.0002085808388483,99.98365003728978,450.4598378762387,10.92299273782834,DEPOSITION,NONE,0.44897294,0.37928663,100.0,True
117.25,450.7527681636533,3.004578713320319,99.99326911237556,450.46315910637554,11.130802974878502,DEPOSITION,NONE,0.43713946,0.38036743,100.0,True
117.5,450.61272909474036,2.9979683306980807,99.94946544638576,450.43139416461497,11.338590850669165,DEPOSITION,NONE,0.44120433,0.37879133,100.0,True
117.75,450.5483107267145,2.9967533933646537,99.95815289075495,450.4117770801969,11.546375077996807,DEPOSITION,NONE,0.44298259,0.37846712,100.0,True
118.0,450.1993652936636,3.001101716399303,100.2448773633384,450.39749217267683,11.754160806102721,DEPOSITION,NONE,0.45208268,0.37950063,100.0,True
118.25,450.2974110262425,3.001336474021063,99.86540171475451,450.4102255596077,11.961964280608722,DEPOSITION,NONE,0.44896959,0.37957093,100.0,True
118.5,450.2412593149633,2.9968419289577923,100.21821281221142,450.4136916564494,12.169776119572342,DEPOSITION,NONE,0.45013463,0.37847717,100.0,True
118.75,450.7749655731245,3.0022624502378727,99.89255605462938,450.42060025253187,12.377604940537536,DEPOSITION,NONE,0.43581609,0.3797763,100.0,True
119.0,450.4907792223527,2.9996239187270937,100.12020975213059,450.38504547720123,12.58540511592081,DEPOSITION,NONE,0.44373099,0.37915185,100.0,True
119.25,450.4167113658123,3.001499115286518,100.09109140890628,450.3730623200824,12.793200368909087,DEPOSITION,NONE,0.44561807,0.37961022,100.0,True
119.5,450.2797860306486,2.9993242798971647,99.74181316149189,450.3667100761952,13.000992337004373,DEPOSITION,NONE,0.44903938,0.37909169,100.0,True
119.75,450.3042383961143,2.9963283828058063,99.978297820144,450.3705188123323,13.20879250489663,DEPOSITION,NONE,0.44805748,0.37834373,100.0,True
120.0,450.22776055668515,3.0012053710248536,100.06798589596235,450.3714051990931,13.416602163634822,DEPOSITION,NONE,0.4498112,0.37950221,100.0,True
120.25,450.1644686643447,2.9983628778617337,99.85850321472468,450.37748705000445,13.624418435032673,DEPOSITION,NONE,0.45115024,0.37881376,100.0,True
120.5,450.49949300865705,3.006059341276336,100.12773049230545,450.3875189948953,13.832248508677031,DEPOSITION,NONE,0.44201952,0.3806933,100.0,True
120.75,450.31804228506587,3.0048341160563266,99.77288383953379,450.37045512422077,14.040057350782396,DEPOSITION,NONE,0.44695352,0.38046568,100.0,True
121.0,450.5929731518436,2.9980719968406526,99.58295601772677,450.36806944402434,14.247859281467449,DEPOSITION,NONE,0.43962031,0.37885818,100.0,True
121.25,450.741575432066,3.0049370719610864,99.84521744093198,450.34395472120326,14.455644791456065,DEPOSITION,NONE,0.4359951,0.3805333,100.0,True
121.5,450.3345209928739,2.999150689851564,100.01533312049422,450.3091696957349,14.663394459068586,DEPOSITION,NONE,0.44705876,0.37916845,100.0,True
121.75,450.0847942115218,2.9978207035401696,100.07019419241213,450.307287177153,14.871145135166717,DEPOSITION,NONE,0.45332116,0.37883328,100.0,True
122.0,450.35737743876984,3.0036427801726657,100.01196253861406,450.3239730132765,15.078914752872217,DEPOSITION,NONE,0.44559212,0.38024668,100.0,True
122.25,450.67008026809907,2.997593591508223,100.03889985879302,450.3176970152144,15.286674729756808,DEPOSITION,NONE,0.43730763,0.37879969,100.0,True
122.5,449.99943672398786,2.9961790372214914,100.1992788941397,450.2868844083779,15.494412199565595,DEPOSITION,NONE,0.45522864,0.37842259,100.0,True
122.75,450.16786748079863,3.001844485374746,99.99073437139728,450.3092878959204,15.70217553311215,DEPOSITION,NONE,0.45013019,0.37977472,100.0,True
123.0,450.1598267401723,2.999051123053646,99.92286495480298,450.31650908382545,15.909943223831899,DEPOSITION,NONE,0.4500282,0.37910706,100.0,True
123.25,450.25030055026576,3.00243256989356,100.09785168316247,450.3234054305345,16.11771892309223,DEPOSITION,NONE,0.4473897,0.37993053,100.0,True
123.5,450.23584558482617,2.99724572745652,100.04235060017773,450.3224594393202,16.325490845209654,DEPOSITION,NONE,0.44767423,0.3786796,100.0,True
123.75,450.3073574679215,3.0032780762683284,100.39829403559199,450.3223597796841,16.533267120111613,DEPOSITION,NONE,0.44569503,0.38013565,100.0,True
124.0,450.44283251746543,2.9998143042151795,99.97419340436812,450.3163938523017,16.741033890294098,DEPOSITION,NONE,0.44215176,0.3793207,100.0,True
124.25,450.1714397574195,2.997211844030915,99.84948767342482,450.2999438754891,16.948786934085597,DEPOSITION,NONE,0.44944459,0.37867672,100.0,True
124.5,450.24586174413275,2.998879426476182,100.11155960598425,450.3051620198436,17.15654885916058,DEPOSITION,NONE,0.44724293,0.3790541,100.0,True
124.75,450.24398805472293,2.999658782087928,99.81725889616662,450.303837906973,17.364311508206395,DEPOSITION,NONE,0.44718793,0.3792319,100.0,True
125.0,450.5490412434874,3.00179792275822,100.26833097538358,450.30235489910785,17.572073589539023,DEPOSITION,NONE,0.43909979,0.37975481,100.0,True
125.25,450.39643520076555,3.0045946901772767,99.96272687118324,450.2769023319602,17.779811073666014,DEPOSITION,NONE,0.44343879,0.38046727,100.0,True
125.5,450.3719646011298,3.0078597070684716,99.81646983075912,450.26439047993625,17.98753122681057,DEPOSITION,NONE,0.44411687,0.38133163,100.0,True
125.75,450.4303679175634,3.0041841750620346,100.0631691366564,450.25392757430376,18.19523113227236,DEPOSITION,NONE,0.44256617,0.38052491,100.0,True
126.0,450.35368272465007,3.0025814869582077,99.89945572510517,450.2389008592925,18.4029120644875,DEPOSITION,NONE,0.44462577,0.38018723,100.0,True
126.25,450.29263768232653,2.9958623836233707,99.89631294380177,450.23002592310496,18.610581653499253,DEPOSITION,NONE,0.44614094,0.37856661,100.0,True
126.5,450.1309354058383,2.9984268408115624,100.0224663457725,450.22566981768,18.81825344692229,DEPOSITION,NONE,0.45021057,0.37915442,100.0,True
126.75,450.30284513492256,2.9946370914747247,100.30401631327607,450.23339015986977,19.025934248259173,DEPOSITION,NONE,0.44533486,0.3782016,100.0,True
127.0,450.4041635863769,3.001658181045438,99.94502044125898,450.2266342428635,19.233616831990297,DEPOSITION,NONE,0.4426184,0.37986996,100.0,True
127.25,450.1981515021602,3.000965530369036,100.06321599795928,450.2118475021704,19.44128407734225,DEPOSITION,NONE,0.44809612,0.37971875,100.0,True
127.5,449.95518413055635,3.0014727894327877,100.44823713826048,450.2133434962679,19.648951201509266,DEPOSITION,NONE,0.45422147,0.37985601,100.0,True
127.75,449.9489975790561,3.002125362154694,100.05677529626138,450.2329910715789,19.85663332438701,DEPOSITION,NONE,0.45384313,0.38003596,100.0,True
128.0,450.2342936173893,3.003105051899493,99.81796055303795,450.25145590034606,20.06432847484485,DEPOSITION,NONE,0.44592918,0.38030578,100.0,True
128.25,450.2714694984513,3.003126482645826,99.9696852182751,450.2464052495346,20.272014708650403,DEPOSITION,NONE,0.44500529,0.3803519,100.0,True
128.5,450.17424238514155,2.9987094602835613,99.93148669779926,450.23863184009554,20.479689612180827,DEPOSITION,NONE,0.44763538,0.37930322,100.0,True
128.75,450.47705388645,2.9956608231233615,100.13453969054957,450.23867857690595,20.687366346229705,DEPOSITION,NONE,0.43962093,0.37853795,100.0,True
129.0,450.021966837228,3.0008716047489585,99.98383007956367,450.2149694071629,20.895028523133323,DEPOSITION,NONE,0.45189656,0.37977286,100.0,True
129.25,449.8294463104419,2.9987099333742377,99.83548243880885,450.22772060614017,21.102700472128483,DEPOSITION,NONE,0.45656628,0.37924971,100.0,True
129.5,450.18575638542586,3.003572358675234,99.82771283694389,450.25427361231493,21.310397355468805,DEPOSITION,NONE,0.44666109,0.3804347,100.0,True
129.75,450.08789107229455,3.002966627010899,100.01787953807022,450.25138363615355,21.518086480654162,DEPOSITION,NONE,0.44927491,0.38032992,100.0,True
130.0,450.49395998080155,2.9992691458904464,99.86394029925903,450.25625034316283,21.72577550116987,DEPOSITION,NONE,0.43853127,0.37945532,100.0,True
130.25,450.2190313627714,3.002117879524903,100.14512578372765,450.2292564685497,21.933441912041065,DEPOSITION,NONE,0.44621569,0.38015238,100.0,True
130.5,450.22526106141106,2.998293254677822,99.98264493398271,450.2251243315997,22.141101568727866,DEPOSITION,NONE,0.44603282,0.379236,100.0,True
130.75,450.13126296381375,3.004234972228963,100.00110897552472,450.2204630395007,22.34875950168826,DEPOSITION,NONE,0.44847982,0.38068454,100.0,True
131.0,450.04863311561866,2.996447290951734,100.11202297911463,450.2230694834375,22.55641350855046,DEPOSITION,NONE,0.45049152,0.37881535,100.0,True
131.25,450.3305646222039,2.997782974796731,99.89691145650477,450.23163070742214,22.76407998179761,DEPOSITION,NONE,0.4428614,0.37910347,100.0,True
131.5,450.22123597551564,2.993219615722899,99.79923351774377,450.21754865737466,22.971737214837194,DEPOSITION,NONE,0.44592378,0.37794909,100.0,True
131.75,450.3357977342008,2.9974575127981757,100.05782259008389,450.21258779507986,23.179399723077946,DEPOSITION,NONE,0.44291434,0.37890988,100.0,True
132.0,450.3866109615172,3.001142184831311,100.0031784479977,450.1987220815566,23.387053641930148,DEPOSITION,NONE,0.44172824,0.37978408,100.0,True
132.25,450.50958117226145,3.0010964289110507,99.94533094840868,450.18138389258183,23.594690672881445,DEPOSITION,NONE,0.4386803,0.37978292,100.0,True
132.5,450.2679698616477,3.0001991518633875,99.86800210415778,450.1550653526792,23.802303073952544,DEPOSITION,NONE,0.4453063,0.37957237,100.0,True
132.75,450.1597214441023,2.998412126688447,99.69676714844447,450.14846916349063,24.00990937395691,DEPOSITION,NONE,0.44802042,0.37913177,100.0,True
133.0,450.1233508035705,2.9981767221168956,99.9324040997463,450.14993852216105,24.217519193073663,DEPOSITION,NONE,0.44871344,0.37905244,100.0,True
133.25,449.8997929683026,2.9981047409138397,99.99387968639131,450.1534574880314,24.42513466469957,DEPOSITION,NONE,0.45430545,0.3790099,100.0,True
133.5,450.18926017259145,2.9958519369309977,100.09753399886363,450.17354084148513,24.632770363132156,DEPOSITION,NONE,0.44619134,0.37842723,100.0,True
133.75,449.982059664106,2.9990068120174556,100.2012488080685,450.1695103678755,24.84040848129223,DEPOSITION,NONE,0.45160518,0.3791515,100.0,True
134.0,450.0747761251466,2.998203697094353,100.16550296160062,450.181539720448,25.048058520725807,DEPOSITION,NONE,0.44886652,0.37893645,100.0,True
134.25,450.1262068093943,2.9990126673246538,100.03410380275145,450.18541383361696,25.255714536835182,DEPOSITION,NONE,0.44740196,0.37910981,100.0,True
134.5,450.34669759909553,2.9932182471488478,99.87232432711987,450.18493473312134,25.46337158526967,DEPOSITION,NONE,0.44160045,0.37766209,100.0,True
134.75,450.0120237618338,2.997234568398771,99.86833247869828,450.1672607779559,25.671022990808556,DEPOSITION,NONE,0.45065283,0.37856522,100.0,True
135.0,450.04724202716676,3.0017382365787686,99.86318084567924,450.17647427350255,25.878686469904565,DEPOSITION,NONE,0.44947484,0.37963647,100.0,True
135.25,450.2010049643198,3.001905544165116,99.8877920228977,450.18216732262556,26.08635251212853,DEPOSITION,NONE,0.44529086,0.37969362,100.0,True
135.5,450.1955222323356,3.0055526107977713,100.0495080946318,450.1754408060236,26.294010066177346,DEPOSITION,NONE,0.44552358,0.38061428,100.0,True
135.75,450.07147817250876,2.9998678790905546,99.85930869508117,450.16942508608776,26.50165453806989,DEPOSITION,NONE,0.44882906,0.37927764,100.0,True
136.0,450.2147963952102,3.0027348440984913,99.87430835578715,450.173225962606,26.709302676834206,DEPOSITION,NONE,0.44493708,0.37998486,100.0,True
136.25,450.1333871238347,3.0032808304991665,99.92372714362108,450.16547869912677,26.91694027040744,DEPOSITION,NONE,0.44715813,0.38015471,100.0,True
136.5,450.1931544336973,2.996466373861228,99.87448213341354,450.1643390582458,27.124572298132684,DEPOSITION,NONE,0.44554019,0.37851448,100.0,True
136.75,450.0798877326552,3.0064342715351358,99.93864247879951,450.1584072110898,27.332204348496926,DEPOSITION,NONE,0.44854445,0.380935,100.0,True
137.0,450.0819050447155,2.9976875873045516,99.97515964689124,450.16139884762595,27.539829871474215,DEPOSITION,NONE,0.44835467,0.37885648,100.0,True
137.25,450.2622081376791,3.000143179573677,100.30867220120504,450.1638186199262,27.747460926693208,DEPOSITION,NONE,0.4435208,0.37943736,100.0,True
137.5,450.1839718570864,3.0039090549849417,100.04150666740371,450.1519026900765,27.955081442679468,DEPOSITION,NONE,0.4457318,0.38037116,100.0,True
137.75,450.23741482497365,2.994914976320645,99.98094108277911,450.1465776002065,28.162691753211337,DEPOSITION,NONE,0.44434054,0.37820039,100.0,True
138.0,450.1268031079301,2.998941654451923,99.67706820592136,450.1371452690244,28.370301180020075,DEPOSITION,NONE,0.44731319,0.37913407,100.0,True
138.25,450.26864731704177,2.998598073798788,99.93428930166304,450.1365536477609,28.577911630690696,DEPOSITION,NONE,0.44349222,0.37903579,100.0,True
138.5,450.0863623543622,2.999192653657115,100.0610647631183,450.12463807351827,28.78551370926416,DEPOSITION,NONE,0.44837787,0.3791646,100.0,True
138.75,449.9365864736885,2.9971517390548166,100.04359499438489,450.1272413114233,28.993119236973417,DEPOSITION,NONE,0.45212389,0.37864924,100.0,True
139.0,450.16277748700963,2.999052448708348,99.91391313915383,450.14094006531155,29.200740834920868,DEPOSITION,NONE,0.44584205,0.37908141,100.0,True
139.25,450.010812268502,3.0000873226313955,100.1771098709787,450.13597597397745,29.408359482416877,DEPOSITION,NONE,0.44985822,0.37932276,100.0,True
139.5,449.9842241528919,3.0048270630621516,100.12659721980705,450.14293176559875,29.615984111986034,DEPOSITION,NONE,0.45036333,0.38049229,100.0,True
139.75,450.08341849841486,3.0022084621127205,99.78011448747067,450.1513630590114,29.823609219403444,DEPOSITION,NONE,0.44757358,0.37990438,100.0,True
140.0,449.8917626609364,2.9958103011465504,99.93853803020286,450.1514989027106,30.031231337909084,DEPOSITION,NONE,0.45258176,0.37835275,100.0,True
140.25,450.1176676544701,2.998485190105655,100.0149134035847,450.1664791498126,30.238872609155763,DEPOSITION,NONE,0.44638084,0.37896242,100.0,True
140.5,449.84275932339824,3.0016445339504014,99.78710491316613,450.163032409556,30.44651308349351,DEPOSITION,NONE,0.4536783,0.37972323,100.0,True
140.75,450.0820993518527,2.998785552606927,99.82656840448861,450.1812269426365,30.65416711915749,DEPOSITION,NONE,0.44709388,0.37903657,100.0,True
141.0,449.97419777055154,2.997109158068381,99.9982114536788,450.1798477208472,30.861821738106954,DEPOSITION,NONE,0.45001128,0.37860686,100.0,True
141.25,450.27561764173186,3.0020623773847364,99.85082634425942,450.1871203148729,31.06948689919223,DEPOSITION,NONE,0.44203205,0.37979309,100.0,True
141.5,450.0519822807264,2.9974389768389,100.06747184681446,450.1707188529582,31.277134817128776,DEPOSITION,NONE,0.44824871,0.37867522,100.0,True
141.75,449.8671824408765,3.004131280954185,99.92727926870654,450.1727954679543,31.484788276332115,DEPOSITION,NONE,0.45305227,0.38029529,100.0,True
142.0,450.07157518389147,3.0010945993037317,100.15489285826594,450.1891039134615,31.69245009233699,DEPOSITION,NONE,0.44740582,0.37959574,100.0,True
142.25,450.24001222948664,3.0031472123616885,100.02015382249805,450.1886247409539,31.900109980004817,DEPOSITION,NONE,0.44305114,0.38011701,100.0,True
142.5,450.3596850770358,3.003466668034047,99.98507818160017,450.17523928617965,32.107753719098525,DEPOSITION,NONE,0.44019536,0.38023672,100.0,True
142.75,450.36931161521306,2.9999408746687473,100.01303398304529,450.15343073202405,32.31537349322424,DEPOSITION,NONE,0.4403248,0.37941181,100.0,True
143.0,449.9938528478521,2.9985877350450343,100.11663741187652,450.1320738984192,32.52297474969331,DEPOSITION,NONE,0.45046624,0.37908041,100.0,True
143.25,449.9439470704382,3.0015212651726406,100.0522923926904,450.14084410689867,32.7305857106211,DEPOSITION,NONE,0.4514769,0.37978986,100.0,True
143.5,450.19421687732745,2.992826782471326,99.9845135620548,450.1525826648899,32.938204737241136,DEPOSITION,NONE,0.4446127,0.37766316,100.0,True
143.75,450.2411773121785,2.9977521600268497,100.01354600486465,450.14393831102484,33.145826508605246,DEPOSITION,NONE,0.44348927,0.37879124,100.0,True
144.0,449.77527996122706,3.00224003482667,99.90063507854862,450.1319909515873,33.35344104631767,DEPOSITION,NONE,0.45583928,0.37986958,100.0,True
144.25,450.2873912756785,2.994510432915908,100.10384010824883,450.1566877335435,33.56107391075501,DEPOSITION,NONE,0.44187488,0.37798593,100.0,True
144.5,450.1043744617194,3.0029170973737065,99.86114353193317,450.13991535486724,33.76870001075666,DEPOSITION,NONE,0.44695819,0.3799923,100.0,True
144.75,450.04549427565024,3.0069793182546927,99.8755071774344,450.13826282936174,33.97632047619221,DEPOSITION,NONE,0.44846375,0.38102895,100.0,True
145.0,450.0351740335469,2.9988443592346807,99.84661619112693,450.1410781146581,34.18393340166777,DEPOSITION,NONE,0.44861784,0.37910621,100.0,True
145.25,450.3229098745312,3.0049473155581614,99.89438409001248,450.14434135657865,34.39155087496755,DEPOSITION,NONE,0.44096986,0.38060137,100.0,True
145.5,449.86602008885234,3.0028790772827554,100.16625857676874,450.12492491570436,34.599144316678625,DEPOSITION,NONE,0.45325436,0.38015417,100.0,True
145.75,450.26523062024853,3.002595138613778,99.86987121012642,450.1419817414217,34.80674853831632,DEPOSITION,NONE,0.44239365,0.38012369,100.0,True
146.0,450.1015184804766,2.99475839272628,99.78727557556212,450.1267929417774,35.01433578034923,DEPOSITION,NONE,0.44692609,0.37822474,100.0,True
146.25,450.27225140776704,2.99732900558519,100.341935739103,450.1250862116766,35.22192904446997,DEPOSITION,NONE,0.4424076,0.37879825,100.0,True
146.5,450.12111849406864,2.997642259631234,100.11968278055593,450.10999147757127,35.42951291651299,DEPOSITION,NONE,0.44656602,0.37884301,100.0,True
146.75,450.3774592344286,3.0012142710189984,99.81742822438093,450.1072698807887,35.637097740482936,DEPOSITION,NONE,0.4397864,0.37969518,100.0,True
147.0,450.14011161482796,3.0037787494573935,99.92601385764604,450.0844611945452,35.8446608540925,DEPOSITION,NONE,0.44630814,0.38034258,100.0,True
147.25,449.96500857548114,3.0023853773671854,100.02099516107528,450.08105486909284,36.05221552805237,DEPOSITION,NONE,0.45079105,0.3800453,100.0,True
147.5,449.92556572234827,2.997997230538877,99.88665062635509,450.09094703775065,36.25977538433424,DEPOSITION,NONE,0.45148987,0.37899286,100.0,True
147.75,450.14732002501563,2.9996298176299456,100.17256705645902,450.10287972528505,36.4673485007942,DEPOSITION,NONE,0.44535843,0.3793732,100.0,True
148.0,450.2030506373072,2.994638149513082,100.06104857971827,450.09660088101,36.6749166201616,DEPOSITION,NONE,0.44395453,0.37813633,100.0,True
148.25,450.2207201527759,3.0011383334352475,100.1545089488919,450.0861803048249,36.88248328878813,DEPOSITION,NONE,0.44360873,0.37967475,100.0,True
148.5,449.9923307018443,2.9968203649909317,100.13951050378635,450.0747672507448,37.09003830130723,DEPOSITION,NONE,0.44970284,0.37862035,100.0,True
148.75,449.92163375597534,2.993455681411446,100.15379499169853,450.08145345669817,37.297603673362794,DEPOSITION,NONE,0.45131478,0.37774817,100.0,True
149.0,449.9842690394181,2.999556908637611,99.79030309776543,450.0928967782684,37.50518838977532,DEPOSITION,NONE,0.44938281,0.37917017,100.0,True
149.25,449.89974867373496,2.997040220924463,99.94590252224022,450.09857781178573,37.71277866938203,DEPOSITION,NONE,0.45145532,0.37853775,100.0,True
149.5,450.16588414158235,2.99386209861836,100.1128259761927,450.11038428015894,37.92038350349374,DEPOSITION,NONE,0.44425135,0.37771117,100.0,True
149.75,449.92350078262245,2.998067108603095,100.10167830821123,450.10080050704073,38.12798879662424,DEPOSITION,NONE,0.4507934,0.37866759,100.0,True
150.0,450.0994429426896,2.9968192419196313,100.27668890308514,450.1106380325668,38.33560548857966,FAULT,DOOR,0.0,1.0,0.0,False
